<?xml version="1.0" encoding="UTF-8"?>

<?context-directive job ctxfile x-setups.ctx ?>

<cd:interface xmlns:cd="http://www.pragma-ade.com/commands">

    <cd:command name="alternate" type="environment" level="document" category="structure" file="attr-alt.mkxl">
        <cd:arguments>
            <cd:assignments list="yes">
                <cd:parameter name="text">
                    <cd:constant type="cd:text"/>
                </cd:parameter>
            </cd:assignments>
        </cd:arguments>
    </cd:command>

    <cd:command name="alternate" level="document" category="structure" file="attr-alt.mkxl">
        <cd:arguments>
            <cd:resolve name="argument-text"/>
            <cd:resolve name="argument-content"/>
        </cd:arguments>
    </cd:command>

    <cd:command name="setalternate" level="style" category="structure" file="attr-alt.mkxl">
        <cd:arguments>
            <cd:resolve name="argument-text"/>
        </cd:arguments>
    </cd:command>

    <cd:command name="resetalternate" level="style" category="structure" file="attr-alt.mkxl"/>

</cd:interface>
