<?xml version="1.0" encoding="UTF-8"?>

<?context-directive job ctxfile x-setups.ctx ?>

<cd:interface xmlns:cd="http://www.pragma-ade.com/commands">

    <cd:command name="defineanchor" level="style" category="graphics" file="pack-box.mkiv">
        <cd:arguments>
            <cd:resolve name="keyword-name"/>
            <cd:resolve name="keyword-name"/>
            <cd:assignments list="yes" optional="yes">
                <cd:inherit name="setuplayer"/>
            </cd:assignments>
            <cd:assignments list="yes" optional="yes">
                <cd:inherit name="setuplayer"/>
                <cd:inherit name="setupframed"/>
            </cd:assignments>
        </cd:arguments>
    </cd:command>

    <cd:command name="anchor" level="document" category="graphics" file="pack-box.mkiv">
        <cd:arguments>
            <cd:resolve name="keyword-name"/>
            <cd:assignments list="yes" optional="yes">
                <cd:inherit name="setuplayer"/>
            </cd:assignments>
            <cd:assignments list="yes" optional="yes">
                <cd:inherit name="setuplayer"/>
                <cd:inherit name="setupframed"/>
            </cd:assignments>
            <cd:content/>
        </cd:arguments>
    </cd:command>

</cd:interface>
