<?xml version="1.0" encoding="UTF-8"?>

<?context-directive job ctxfile x-setups.ctx ?>

<cd:interface xmlns:cd="http://www.pragma-ade.com/commands">

    <cd:command name="definebackground" level="style" category="background" file="pack-bck.mkvi">
        <cd:arguments>
            <cd:resolve name="keyword-name"/>
            <cd:resolve name="keyword-name-optional"/>
            <cd:assignments list="yes" optional="yes">
                <cd:inherit name="setupbackground"/>
            </cd:assignments>
        </cd:arguments>
    </cd:command>

    <cd:command name="setupbackground" level="style" category="background" file="pack-bck.mkvi">
        <cd:arguments>
            <cd:resolve name="keyword-name-list-optional"/>
            <cd:assignments list="yes">
                <cd:parameter name="state">
                    <cd:constant type="start"/>
                    <cd:constant type="stop"/>
                </cd:parameter>
                <cd:parameter name="leftoffset">
                    <cd:constant type="cd:dimension"/>
                </cd:parameter>
                <cd:parameter name="rightoffset">
                    <cd:constant type="cd:dimension"/>
                </cd:parameter>
                <cd:parameter name="topoffset">
                    <cd:constant type="cd:dimension"/>
                </cd:parameter>
                <cd:parameter name="bottomoffset">
                    <cd:constant type="cd:dimension"/>
                </cd:parameter>
                <cd:parameter name="before">
                    <cd:constant type="cd:command"/>
                </cd:parameter>
                <cd:parameter name="after">
                    <cd:constant type="cd:command"/>
                </cd:parameter>
                <cd:inherit name="setupframed"/>
            </cd:assignments>
        </cd:arguments>
    </cd:command>

    <cd:command name="background" type="environment" generated="yes" variant="example" level="document" category="background" file="pack-bck.mkvi">
        <cd:sequence>
            <cd:variable value="background"/>
        </cd:sequence>
        <cd:arguments>
            <cd:assignments list="yes" optional="yes">
                <cd:inherit name="setupbackground"/>
            </cd:assignments>
        </cd:arguments>
        <cd:instances>
            <cd:constant value="background"/>
        </cd:instances>
    </cd:command>

    <cd:command name="background" type="environment" level="document" category="background" file="pack-bck.mkvi">
        <cd:arguments>
            <cd:assignments list="yes" optional="yes">
                <cd:inherit name="setupbackground"/>
            </cd:assignments>
        </cd:arguments>
    </cd:command>

    <cd:command name="background" generated="yes" variant="example" level="document" category="background" file="pack-bck.mkvi">
        <cd:sequence>
            <cd:variable value="background"/>
        </cd:sequence>
        <cd:arguments>
            <cd:content/>
        </cd:arguments>
        <cd:instances>
            <cd:constant value="background"/>
        </cd:instances>
    </cd:command>

    <cd:command name="background" level="document" category="background" file="pack-bck.mkvi">
        <cd:arguments>
            <cd:content/>
        </cd:arguments>
    </cd:command>

    <cd:command name="backgroundline" level="document" category="background" keywords="colors" file="pack-bck.mkvi">
        <cd:arguments>
            <cd:resolve name="keyword-color"/>
            <cd:content/>
        </cd:arguments>
    </cd:command>

    <cd:command name="setupbackgrounds" level="style" category="background" file="page-bck.mkiv">
        <cd:arguments>
            <cd:keywords list="yes">
                <cd:constant type="top"/>
                <cd:constant type="header"/>
                <cd:constant type="text"/>
                <cd:constant type="footer"/>
                <cd:constant type="bottom"/>
            </cd:keywords>
            <cd:keywords list="yes" optional="yes">
                <cd:constant type="leftedge"/>
                <cd:constant type="leftmargin"/>
                <cd:constant type="text"/>
                <cd:constant type="rightmargin"/>
                <cd:constant type="rightedge"/>
            </cd:keywords>
            <cd:assignments list="yes">
                <cd:inherit name="setupframed"/>
            </cd:assignments>
        </cd:arguments>
    </cd:command>

    <cd:command name="setupbackgrounds" variant="page" level="style" category="background" file="page-bck.mkiv">
        <cd:arguments>
            <cd:keywords list="yes" optional="yes">
                <cd:constant type="paper"/>
                <cd:constant type="page"/>
                <cd:constant type="leftpage"/>
                <cd:constant type="rightpage"/>
                <cd:constant type="text"/>
                <cd:constant type="hidden"/>
            </cd:keywords>
            <cd:assignments list="yes">
                <cd:parameter name="state">
                    <cd:constant type="start" default="yes"/>
                    <cd:constant type="stop"/>
                    <cd:constant type="repeat"/>
                </cd:parameter>
                <cd:parameter name="offset">
                    <cd:constant type="cd:dimension"/>
                </cd:parameter>
                <cd:parameter name="depth">
                    <cd:constant type="cd:dimension"/>
                </cd:parameter>
                <cd:inherit name="setupframed"/>
            </cd:assignments>
        </cd:arguments>
    </cd:command>

    <cd:command name="prependhiddenbackground" level="system" category="background" file="page-bck.mkxl">
        <cd:arguments>
            <cd:resolve name="argument-name-list"/>
        </cd:arguments>
    </cd:command>

    <cd:command name="appendhiddenbackground" level="system" category="background" file="page-bck.mkxl">
        <cd:arguments>
            <cd:resolve name="argument-name-list"/>
        </cd:arguments>
    </cd:command>

    <cd:command name="background" type="environment" begin="push" end="pop" level="system" category="background" file="page-bck.mkiv">
        <cd:arguments>
            <cd:resolve name="keyword-name"/>
        </cd:arguments>
    </cd:command>

    <cd:command name="doifelsesomebackground" level="system" category="background" keywords="conditional" file="page-bck.mkiv">
        <cd:arguments>
            <cd:resolve name="argument-name"/>
            <cd:resolve name="argument-true"/>
            <cd:resolve name="argument-false"/>
        </cd:arguments>
    </cd:command>

    <cd:command name="doifsomebackgroundelse" level="system" category="background" keywords="conditional" file="page-bck.mkiv">
        <cd:arguments>
            <cd:resolve name="argument-name"/>
            <cd:resolve name="argument-true"/>
            <cd:resolve name="argument-false"/>
        </cd:arguments>
    </cd:command>

    <cd:command name="doifsomebackground" level="system" category="background" keywords="conditional" file="page-bck.mkiv">
        <cd:arguments>
            <cd:resolve name="argument-name"/>
            <cd:resolve name="argument-true"/>
            <cd:resolve name="argument-false"/>
        </cd:arguments>
    </cd:command>

</cd:interface>
