<?xml version="1.0" encoding="UTF-8"?>

<?context-directive job ctxfile x-setups.ctx ?>

<cd:interface xmlns:cd="http://www.pragma-ade.com/commands">

    <cd:command name="setupbackend" level="style" category="pdf" file="back-ini.mkiv">
        <cd:arguments>
            <cd:assignments list="yes">
                <cd:parameter name="export">
                    <cd:constant type="yes"/>
                    <cd:constant type="cd:file"/>
                </cd:parameter>
                <cd:parameter name="xhtml">
                    <cd:constant type="cd:file"/>
                </cd:parameter>
                <cd:parameter name="file">
                    <cd:constant type="cd:file"/>
                </cd:parameter>
                <cd:parameter name="intent">
                    <cd:constant type="Coated&blank;FOGRA39&blank;(ISO&blank;12647-2:2004)"/>
                    <cd:constant type="GRACoL2006_Coated1v2.icc"/>
                    <cd:constant type="ISO&blank;Coated&blank;v2&blank;300&percnt;&blank;(ECI)"/>
                    <cd:constant type="ISO&blank;Coated&blank;v2&blank;(ECI)"/>
                    <cd:constant type="ISOnewspaper26v4"/>
                    <cd:constant type="ISOnewspaper26v4_gr"/>
                    <cd:constant type="ISO&blank;Uncoated"/>
                    <cd:constant type="ISO&blank;Uncoated&blank;Yellowish"/>
                    <cd:constant type="ISO&blank;Web&blank;Coated"/>
                    <cd:constant type="Japan&blank;Color&blank;2001&blank;Coated"/>
                    <cd:constant type="Japan&blank;Color&blank;2002&blank;Newspaper"/>
                    <cd:constant type="Japan&blank;Web&blank;Coated&blank;(Ad)"/>
                    <cd:constant type="SNAP&blank;2007"/>
                    <cd:constant type="SWOP2006_Coated3v2.icc"/>
                    <cd:constant type="SWOP2006_Coated5v2.icc"/>
                    <cd:constant type="Uncoated&blank;FOGRA29&blank;(ISO␣12647-2:2004)"/>
                    <cd:constant type="Web&blank;Coated&blank;FOGRA28&blank;(ISO&blank;12647-2:2004)"/>
                    <cd:constant type="PSR_LWC_PLUS_V2_PT"/>
                    <cd:constant type="PSR_LWC_STD_V2_PT"/>
                    <cd:constant type="PSR_SC_PLUS_V2_PT"/>
                    <cd:constant type="PSR_SC_STD_V2_PT"/>
                    <cd:constant type="PSRgravureMF"/>
                    <!--
                        <cd:constant type="cd:name"/>
                    -->
                </cd:parameter>
                <cd:parameter name="space">
                    <cd:constant type="yes"/>
                    <cd:constant type="no" default="yes"/>
                </cd:parameter>
                <cd:parameter name="hyphen">
                    <cd:constant type="yes" default="yes"/>
                    <cd:constant type="no"/>
                </cd:parameter>
                <cd:parameter name="xmpfile">
                    <cd:constant type="cd:file"/>
                </cd:parameter>
                <cd:parameter name="format">
                    <cd:constant type="version"/>
                    <cd:constant type="default"/>
                    <cd:constant type="PDF/X-1a:2001"/>
                    <cd:constant type="PDF/X-1a:2003"/>
                    <cd:constant type="PDF/X-3:2002"/>
                    <cd:constant type="PDF/X-3:2003"/>
                    <cd:constant type="PDF/X-4"/>
                    <cd:constant type="PDF/X-4p"/>
                    <cd:constant type="PDF/X-5g"/>
                    <cd:constant type="PDF/X-5pg"/>
                    <cd:constant type="PDF/X-5n"/>
                    <cd:constant type="PDF/A-1a:2005"/>
                    <cd:constant type="PDF/A-1b:2005"/>
                    <cd:constant type="PDF/A-2a"/>
                    <cd:constant type="PDF/A-3a"/>
                    <cd:constant type="PDF/UA-1"/>
                    <!--
                        <cd:constant type="cd:name"/>
                    -->
                </cd:parameter>
                <cd:parameter name="level">
                    <cd:constant type="cd:number"/>
                </cd:parameter>
                <cd:parameter name="option">
                    <cd:constant type="always"/>
                    <cd:constant type="never"/>
                </cd:parameter>
                <cd:parameter name="profile">
                    <cd:constant type="cd:file"/>
                </cd:parameter>
            </cd:assignments>
        </cd:arguments>
    </cd:command>

    <cd:command name="setupoutput" level="style" category="pdf" file="back-ini.mkxl">
        <cd:arguments>
            <cd:keywords>
                <cd:constant type="default"/>
                <cd:constant type="pdf"/>
                <cd:constant type="lua"/>
                <cd:constant type="json"/>
                <cd:constant type="js"/>
                <cd:constant type="mps"/>
                <cd:constant type="none"/>
                <cd:constant type="empty"/>
            </cd:keywords>
        </cd:arguments>
    </cd:command>

</cd:interface>
