<?xml version="1.0" encoding="UTF-8"?>

<?context-directive job ctxfile x-setups.ctx ?>

<cd:interface xmlns:cd="http://www.pragma-ade.com/commands">

    <cd:command name="letteropenbrace" level="document" category="characters" file="catc-sym.mkxl"/>

    <cd:command name="letterclosebrace" level="document" category="characters" file="catc-sym.mkxl"/>

    <cd:command name="letterampersand" level="document" category="characters" file="catc-sym.mkxl"/>

    <cd:command name="letterless" level="document" category="characters" file="catc-sym.mkxl"/>

    <cd:command name="lettermore" level="document" category="characters" file="catc-sym.mkxl"/>

    <cd:command name="letterhash" level="document" category="characters" file="catc-sym.mkxl"/>

    <cd:command name="letterdoublequote" level="document" category="characters" file="catc-sym.mkxl"/>

    <cd:command name="lettersinglequote" level="document" category="characters" file="catc-sym.mkxl"/>

    <cd:command name="letterdollar" level="document" category="characters" file="catc-sym.mkxl"/>

    <cd:command name="letterpercent" level="document" category="characters" file="catc-sym.mkxl"/>

    <cd:command name="letterhat" level="document" category="characters" file="catc-sym.mkxl"/>

    <cd:command name="letterunderscore" level="document" category="characters" file="catc-sym.mkxl"/>

    <cd:command name="letterbar" level="document" category="characters" file="catc-sym.mkxl"/>

    <cd:command name="lettertilde" level="document" category="characters" file="catc-sym.mkxl"/>

    <cd:command name="letterbackslash" level="document" category="characters" file="catc-sym.mkxl"/>

    <cd:command name="letterslash" level="document" category="characters" file="catc-sym.mkxl"/>

    <cd:command name="letterquestionmark" level="document" category="characters" file="catc-sym.mkxl"/>

    <cd:command name="letterat" level="document" category="characters" file="catc-sym.mkxl"/>

    <cd:command name="lettercolon" level="document" category="characters" file="catc-sym.mkxl"/>

    <cd:command name="letterhyphen" level="document" category="characters" file="catc-sym.mkxl"/>

    <cd:command name="letterleftparenthesis" level="document" category="characters" file="catc-sym.mkxl"/>

    <cd:command name="letterrightparenthesis" level="document" category="characters" file="catc-sym.mkxl"/>

    <cd:command name="letterleftbracket" level="document" category="characters" file="catc-sym.mkxl"/>

    <cd:command name="letterrightbracket" level="document" category="characters" file="catc-sym.mkxl"/>

    <cd:command name="letterescape" level="document" category="characters" file="catc-sym.mkxl"/>

    <cd:command name="letterbgroup" level="document" category="characters" file="catc-sym.mkxl"/>

    <cd:command name="letteregroup" level="document" category="characters" file="catc-sym.mkxl"/>

    <cd:command name="letterleftbrace" level="document" category="characters" file="catc-sym.mkxl"/>

    <cd:command name="letterrightbrace" level="document" category="characters" file="catc-sym.mkxl"/>

    <cd:command name="letterexclamationmark" level="document" category="characters" file="catc-sym.mkxl"/>

    <cd:command name="utfchar" level="document" category="characters" keywords="fonts" file="char-ini.mkiv">
        <cd:arguments>
            <cd:resolve name="argument-number"/>
        </cd:arguments>
    </cd:command>

    <cd:command name="safechar" level="style" category="characters" keywords="fonts" file="char-ini.mkiv">
        <cd:arguments>
            <cd:resolve name="argument-number"/>
        </cd:arguments>
    </cd:command>

    <cd:command name="checkedchar" level="style" category="characters" keywords="fonts" file="char-ini.mkiv">
        <cd:arguments>
            <cd:resolve name="argument-number"/>
            <cd:resolve name="argument-character"/>
        </cd:arguments>
    </cd:command>

    <cd:command name="textormathchar" level="style" category="characters" keywords="fonts" file="char-ini.mkiv">
        <cd:arguments>
            <cd:resolve name="argument-number"/>
        </cd:arguments>
    </cd:command>

  <cd:command name="textormathchars" level="style" category="characters" keywords="fonts" file="char-ini.mkiv">
        <cd:arguments>
            <cd:resolve name="argument-character"/>
        </cd:arguments>
    </cd:command>

    <cd:command name="chardescription" level="style" category="characters" file="char-ini.mkiv">
        <cd:arguments>
            <cd:resolve name="argument-number"/>
        </cd:arguments>
    </cd:command>

    <cd:command name="percent" level="document" category="characters" file="enco-ini.mkiv"/>

    <cd:command name="procent" level="document" category="characters" file="enco-ini.mkiv"/>

    <cd:command name="ampersand" level="document" category="characters" file="enco-ini.mkiv"/>

    <cd:command name="dollar" level="document" category="characters" file="enco-ini.mkiv"/>

    <cd:command name="hash" level="document" category="characters" file="enco-ini.mkiv"/>

    <cd:command name="hyphen" level="document" category="characters" file="enco-ini.mkiv"/>

    <cd:command name="lowerleftsingleninequote" level="style" category="characters" file="enco-ini.mkiv"/>

    <cd:command name="lowerleftdoubleninequote" level="style" category="characters" file="enco-ini.mkiv"/>

    <cd:command name="lowerrightsingleninequote" level="style" category="characters" file="enco-ini.mkiv"/>

    <cd:command name="lowerrightdoubleninequote" level="style" category="characters" file="enco-ini.mkiv"/>

    <cd:command name="upperleftsingleninequote" level="style" category="characters" file="enco-ini.mkiv"/>

    <cd:command name="upperleftdoubleninequote" level="style" category="characters" file="enco-ini.mkiv"/>

    <cd:command name="upperrightsingleninequote" level="style" category="characters" file="enco-ini.mkiv"/>

    <cd:command name="upperrightdoubleninequote" level="style" category="characters" file="enco-ini.mkiv"/>

    <cd:command name="upperleftsinglesixquote" level="style" category="characters" file="enco-ini.mkiv"/>

    <cd:command name="upperleftdoublesixquote" level="style" category="characters" file="enco-ini.mkiv"/>

    <cd:command name="upperrightsinglesixquote" level="style" category="characters" file="enco-ini.mkiv"/>

    <cd:command name="upperrightdoublesixquote" level="style" category="characters" file="enco-ini.mkiv"/>

    <cd:command name="leftsubguillemot" level="style" category="characters" file="enco-ini.mkiv"/>

    <cd:command name="rightsubguillemot" level="style" category="characters" file="enco-ini.mkiv"/>

    <cd:command name="textcontrolspace" level="document" category="characters" file="enco-ini.mkiv"/>

    <cd:command name="textvisiblespace" level="document" category="characters" file="enco-ini.mkiv"/>

    <cd:command name="textminus" level="document" category="characters" file="enco-ini.mkiv"/>

    <cd:command name="textplus" level="document" category="characters" file="enco-ini.mkiv"/>

</cd:interface>
