<?xml version="1.0" encoding="UTF-8"?>

<?context-directive job ctxfile x-setups.ctx ?>

<cd:interface xmlns:cd="http://www.pragma-ade.com/commands">

    <cd:command name="setupclipping" level="style" category="graphics" file="grph-trf.mkiv">
        <cd:arguments>
            <cd:assignments list="yes">
                <cd:parameter name="state">
                    <cd:constant type="start" default="yes"/>
                    <cd:constant type="stop"/>
                </cd:parameter>
                <cd:parameter name="width">
                    <cd:constant type="cd:dimension"/>
                </cd:parameter>
                <cd:parameter name="height">
                    <cd:constant type="cd:dimension"/>
                </cd:parameter>
                <cd:parameter name="hoffset">
                    <cd:constant type="cd:dimension"/>
                </cd:parameter>
                <cd:parameter name="voffset">
                    <cd:constant type="cd:dimension"/>
                </cd:parameter>
                <cd:parameter name="x">
                    <cd:constant type="cd:number"/>
                </cd:parameter>
                <cd:parameter name="y">
                    <cd:constant type="cd:number"/>
                </cd:parameter>
                <cd:parameter name="nx">
                    <cd:constant type="cd:number"/>
                </cd:parameter>
                <cd:parameter name="ny">
                    <cd:constant type="cd:number"/>
                </cd:parameter>
                <cd:parameter name="sx">
                    <cd:constant type="cd:number"/>
                </cd:parameter>
                <cd:parameter name="sy">
                    <cd:constant type="cd:number"/>
                </cd:parameter>
                <cd:parameter name="leftoffset">
                    <cd:constant type="cd:dimension"/>
                </cd:parameter>
                <cd:parameter name="rightoffset">
                    <cd:constant type="cd:dimension"/>
                </cd:parameter>
                <cd:parameter name="topoffset">
                    <cd:constant type="cd:dimension"/>
                </cd:parameter>
                <cd:parameter name="bottomoffset">
                    <cd:constant type="cd:dimension"/>
                </cd:parameter>
                <cd:parameter name="mp">
                    <cd:constant type="cd:name"/>
                </cd:parameter>
                <cd:parameter name="n">
                    <cd:constant type="cd:number"/>
                </cd:parameter>
                <cd:parameter name="offset">
                    <cd:constant type="cd:dimension"/>
                </cd:parameter>
            </cd:assignments>
        </cd:arguments>
    </cd:command>

    <cd:command name="clip" level="document" category="graphics" file="grph-trf.mkiv">
        <cd:arguments>
            <cd:assignments list="yes" optional="yes">
                <cd:inherit name="setupclipping"/>
            </cd:assignments>
            <cd:content/>
        </cd:arguments>
    </cd:command>

</cd:interface>
