<?xml version="1.0" encoding="UTF-8"?>

<?context-directive job ctxfile x-setups.ctx ?>

<cd:interface xmlns:cd="http://www.pragma-ade.com/commands">

    <cd:command name="definecombination" level="style" category="tables" file="pack-com.mkxl">
        <cd:arguments>
            <cd:resolve name="keyword-name"/>
            <cd:resolve name="keyword-name-optional"/>
            <cd:assignments list="yes" optional="yes">
                <cd:inherit name="setupcombination"/>
            </cd:assignments>
        </cd:arguments>
    </cd:command>

    <cd:command name="setupcombination" level="style" category="tables" file="pack-com.mkxl">
        <cd:arguments>
            <cd:resolve name="keyword-name-list-optional"/>
            <cd:assignments list="yes">
                <cd:parameter name="nx">
                    <cd:constant type="cd:number"/>
                </cd:parameter>
                <cd:parameter name="ny">
                    <cd:constant type="cd:number"/>
                </cd:parameter>
                <cd:parameter name="width">
                    <cd:constant type="fit"/>
                    <cd:constant type="cd:dimension"/>
                </cd:parameter>
                <cd:parameter name="height">
                    <cd:constant type="fit"/>
                    <cd:constant type="cd:dimension"/>
                </cd:parameter>
                <cd:parameter name="location">
                    <cd:constant type="left"/>
                    <cd:constant type="middle"/>
                    <cd:constant type="right"/>
                    <cd:constant type="top"/>
                    <cd:constant type="bottom" default="yes"/>
                </cd:parameter>
                <cd:parameter name="distance">
                    <cd:constant type="cd:dimension"/>
                </cd:parameter>
                <cd:parameter name="alternative">
                    <cd:constant type="label"/>
                    <cd:constant type="text" default="yes"/>
                </cd:parameter>
                <cd:parameter name="align">
                    <cd:inherit name="setupalign"/>
                </cd:parameter>
                <cd:parameter name="continue">
                    <cd:constant type="yes"/>
                    <cd:constant type="no" default="yes"/>
                </cd:parameter>
                <cd:parameter name="before">
                    <cd:constant type="cd:command"/>
                </cd:parameter>
                <cd:parameter name="after">
                    <cd:constant type="cd:command"/>
                </cd:parameter>
                <cd:parameter name="inbetween">
                    <cd:constant type="cd:command"/>
                </cd:parameter>
                <cd:parameter name="style">
                    <cd:resolve name="value-style"/>
                </cd:parameter>
                <cd:parameter name="color">
                    <cd:constant type="cd:color"/>
                </cd:parameter>
                <cd:parameter name="method">
                    <cd:constant type="formula"/>
                </cd:parameter>
                <cd:parameter name="strut">
                    <cd:constant type="yes" default="yes"/>
                    <cd:constant type="no"/>
                </cd:parameter>
            </cd:assignments>
        </cd:arguments>
    </cd:command>

    <!--

        <cd:command name="setupcombinations" level="style" category="tables" file="pack-com.mkxl">
            <cd:arguments>
                <cd:resolve name="keyword-name-list-optional"/>
                <cd:assignments list="yes">
                    <cd:inherit name="setupcombination"/>
                </cd:assignments>
            </cd:arguments>
        </cd:command>

    -->

    <cd:command name="combination" type="environment" variant="matrix" level="document" category="tables" file="pack-com.mkxl">
        <cd:arguments>
            <cd:resolve name="keyword-name-optional"/>
            <cd:keywords optional="yes">
                <cd:constant type="cd:matrix"/>
            </cd:keywords>
        </cd:arguments>
    </cd:command>

    <cd:command name="combination" type="environment" level="document" category="tables" file="pack-com.mkxl">
        <cd:arguments>
            <cd:resolve name="keyword-name-optional"/>
            <cd:assignments list="yes" optional="yes">
                <cd:inherit name="setupcombination"/>
            </cd:assignments>
        </cd:arguments>
    </cd:command>

    <!--

        <cd:command name="content" type="environment" scope="combination" level="document" category="tables" file="pack-com.mkxl"/>

        <cd:command name="caption" type="environment" scope="combination" level="document" category="tables" file="pack-com.mkxl"/>

    -->

    <cd:command name="floatcombination" type="environment" variant="matrix" level="document" category="tables" keywords="float" file="pack-com.mkxl">
        <cd:arguments>
            <cd:keywords optional="yes">
                <cd:constant type="cd:matrix"/>
                <cd:constant type="cd:name"/>
            </cd:keywords>
        </cd:arguments>
    </cd:command>

    <cd:command name="floatcombination" type="environment" level="document" category="tables" keywords="float" file="pack-com.mkxl">
        <cd:arguments>
            <cd:assignments list="yes" optional="yes">
                <cd:inherit name="setupcombination"/>
            </cd:assignments>
        </cd:arguments>
    </cd:command>

    <cd:command name="formulacombination" type="environment" variant="matrix" level="document" category="tables" file="math-com.mkxl">
        <cd:arguments>
            <cd:keywords optional="yes">
                <cd:constant type="cd:matrix"/>
            </cd:keywords>
        </cd:arguments>
    </cd:command>

    <cd:command name="formulacombination" type="environment" level="document" category="tables" file="math-com.mkxl">
        <cd:arguments>
            <cd:assignments list="yes" optional="yes">
                <cd:inherit name="setupcombination"/>
            </cd:assignments>
        </cd:arguments>
    </cd:command>

</cd:interface>
