<?xml version="1.0" encoding="UTF-8"?>

<?context-directive job ctxfile x-setups.ctx ?>

<cd:interface xmlns:cd="http://www.pragma-ade.com/commands">

    <cd:command name="definedescription" level="style" category="structure" file="strc-des.mkvi">
        <cd:arguments>
            <cd:resolve name="keyword-name"/>
            <cd:resolve name="keyword-name-optional"/>
            <cd:assignments list="yes" optional="yes">
                <cd:inherit name="setupdescription"/>
            </cd:assignments>
        </cd:arguments>
    </cd:command>

    <cd:command name="setupdescription" level="style" category="structure" file="strc-des.mkvi">
        <cd:arguments>
            <cd:resolve name="keyword-name-list-optional"/>
            <cd:assignments list="yes">
                <cd:parameter name="title">
                    <cd:constant type="yes"/>
                    <cd:constant type="no" default="yes"/>
                </cd:parameter>
                <cd:parameter name="define">
                    <cd:constant type="yes" default="yes"/>
                    <cd:constant type="no"/>
                </cd:parameter>
                <!-- begin construction values -->
                <cd:parameter name="level">
                    <cd:constant type="cd:number"/>
                </cd:parameter>
                <cd:parameter name="text">
                    <cd:constant type="cd:text"/>
                </cd:parameter>
                <cd:parameter name="headcommand">
                    <cd:constant type="cd:oneargument"/>
                </cd:parameter>
                <cd:parameter name="before">
                    <cd:constant type="cd:command"/>
                </cd:parameter>
                <cd:parameter name="after">
                    <cd:constant type="cd:command"/>
                </cd:parameter>
                <cd:parameter name="inbetween">
                    <cd:constant type="cd:command"/>
                </cd:parameter>
                <cd:parameter name="alternative">
                    <cd:constant type="left" default="yes"/>
                    <cd:constant type="right"/>
                    <cd:constant type="inmargin"/>
                    <cd:constant type="inleft"/>
                    <cd:constant type="inright"/>
                    <cd:constant type="margin"/>
                    <cd:constant type="leftmargin"/>
                    <cd:constant type="rightmargin"/>
                    <cd:constant type="innermargin"/>
                    <cd:constant type="outermargin"/>
                    <cd:constant type="serried"/>
                    <cd:constant type="hanging"/>
                    <cd:constant type="top"/>
                    <cd:constant type="empty"/>
                    <cd:constant type="command"/>
                    <cd:constant type="cd:name"/>
                </cd:parameter>
                <cd:parameter name="align">
                    <cd:inherit name="setupalign"/>
                </cd:parameter>
                <cd:parameter name="headalign">
                    <cd:inherit name="setupalign"/>
                </cd:parameter>
                <cd:parameter name="indenting">
                    <cd:inherit name="setupindenting"/>
                </cd:parameter>
                <cd:parameter name="display">
                    <cd:constant type="yes" default="yes"/>
                    <cd:constant type="no"/>
                </cd:parameter>
                <cd:parameter name="indentnext">
                    <cd:resolve name="value-indentnext"/>
                </cd:parameter>
                <cd:parameter name="width">
                    <cd:constant type="fit"/>
                    <cd:constant type="broad"/>
                    <cd:constant type="line"/>
                    <cd:constant type="cd:dimension"/>
                </cd:parameter>
                <cd:parameter name="distance">
                    <cd:constant type="none"/>
                    <cd:constant type="cd:dimension"/>
                </cd:parameter>
                <cd:parameter name="stretch">
                    <cd:constant type="cd:number"/>
                </cd:parameter>
                <cd:parameter name="shrink">
                    <cd:constant type="cd:number"/>
                </cd:parameter>
                <cd:parameter name="hang">
                    <cd:constant type="fit"/>
                    <cd:constant type="broad"/>
                    <cd:constant type="none"/>
                    <cd:constant type="margin"/>
                    <cd:constant type="cd:number"/>
                </cd:parameter>
                <cd:parameter name="closesymbol">
                    <cd:constant type="cd:command"/>
                </cd:parameter>
                <cd:parameter name="closecommand">
                    <cd:constant type="cd:oneargument"/>
                </cd:parameter>
                <cd:parameter name="expansion">
                    <cd:constant type="yes"/>
                    <cd:constant type="no" default="yes"/>
                    <cd:constant type="xml"/>
                </cd:parameter>
                <cd:parameter name="referenceprefix">
                    <cd:resolve name="value-referenceprefix"/>
                </cd:parameter>
                <cd:parameter name="sample">
                    <cd:constant type="cd:text"/>
                </cd:parameter>
                <cd:parameter name="margin">
                    <cd:resolve name="value-leftskip"/>
                </cd:parameter>
                <cd:parameter name="style">
                    <cd:resolve name="value-style"/>
                </cd:parameter>
                <cd:parameter name="color">
                    <cd:constant type="cd:color"/>
                </cd:parameter>
                <cd:parameter name="headstyle">
                    <cd:resolve name="value-style"/>
                </cd:parameter>
                <cd:parameter name="headcolor">
                    <cd:constant type="cd:color"/>
                </cd:parameter>
                <cd:parameter name="aligntitle">
                    <cd:constant type="yes" default="yes"/>
                    <cd:constant type="no"/>
                </cd:parameter>
                <cd:parameter name="headindenting">
                    <cd:constant type="yes"/>
                    <cd:constant type="no" default="yes"/>
                </cd:parameter>
                <!-- end construction values -->
            </cd:assignments>
        </cd:arguments>
    </cd:command>

    <cd:command name="setupdescriptions" level="style" category="structure" file="strc-des.mkvi">
        <cd:arguments>
            <cd:resolve name="keyword-name-list-optional"/>
            <cd:assignments list="yes">
                <cd:inherit name="setupdescription"/>
            </cd:assignments>
        </cd:arguments>
    </cd:command>

    <cd:command name="description" type="environment" generated="yes" variant="example" level="document" category="structure" file="strc-des.mkvi">
        <cd:sequence>
            <cd:variable value="description"/>
        </cd:sequence>
        <cd:arguments>
            <cd:resolve name="assignment-constructiondata-list-optional"/>
        </cd:arguments>
    </cd:command>

    <cd:command name="description" type="environment" generated="yes" variant="example:title" level="document" category="structure" file="strc-des.mkvi">
        <cd:sequence>
            <cd:variable value="description"/>
        </cd:sequence>
        <cd:arguments>
            <cd:resolve name="keyword-reference-list-optional"/>
            <cd:resolve name="argument-text-optional"/>
        </cd:arguments>
    </cd:command>

    <cd:command name="description" generated="yes" variant="example" level="document" category="structure" file="strc-des.mkvi">
        <cd:sequence>
            <cd:variable value="description"/>
        </cd:sequence>
        <cd:arguments>
            <cd:resolve name="keyword-reference-list-optional"/>
            <cd:resolve name="argument-text-optional"/>
            <cd:resolve name="string-content"/>
            <cd:delimiter name="par"/>
        </cd:arguments>
    </cd:command>

</cd:interface>
