<?xml version="1.0" encoding="UTF-8"?>

<?context-directive job ctxfile x-setups.ctx ?>

<cd:interface xmlns:cd="http://www.pragma-ade.com/commands">

    <cd:command name="setdigitsmanipulation" level="system" category="symbols" keywords="fonts" file="typo-dig.mkxl">
        <cd:arguments>
            <cd:keywords>
                <cd:constant type="reset"/>
                <cd:constant type="cd:number"/>
            </cd:keywords>
        </cd:arguments>
    </cd:command>

    <cd:command name="resetdigitsmanipulation" level="system" category="symbols" keywords="fonts" file="typo-dig.mkxl"/>

    <cd:command name="equaldigits" level="document" category="symbols" keywords="fonts" file="typo-dig.mkxl">
        <cd:arguments>
            <cd:resolve name="argument-text"/>
        </cd:arguments>
    </cd:command>

    <cd:command name="dummydigit" level="document" category="symbols" keywords="fonts" file="typo-dig.mkxl"/>

</cd:interface>
