<?xml version="1.0" encoding="UTF-8"?>

<?context-directive job ctxfile x-setups.ctx ?>

<cd:interface xmlns:cd="http://www.pragma-ade.com/commands">

    <cd:command name="getdummyparameters" level="system" category="commandhandler" file="mult-aux.mkiv">
        <cd:arguments>
            <cd:resolve name="assignment-userdata-list"/>
        </cd:arguments>
    </cd:command>

    <cd:command name="dummyparameter" level="system" category="commandhandler" file="mult-aux.mkiv">
        <cd:arguments>
            <cd:resolve name="argument-key"/>
        </cd:arguments>
    </cd:command>

    <cd:command name="directdummyparameter" level="system" category="commandhandler" file="mult-aux.mkiv">
        <cd:arguments>
            <cd:resolve name="argument-key"/>
        </cd:arguments>
    </cd:command>

    <cd:command name="setdummyparameter" level="system" category="commandhandler" file="mult-aux.mkiv">
        <cd:arguments>
            <cd:resolve name="argument-key"/>
            <cd:resolve name="argument-command"/>
        </cd:arguments>
    </cd:command>

    <cd:command name="setexpandeddummyparameter" level="system" category="commandhandler" file="mult-aux.mkiv">
        <cd:arguments>
            <cd:resolve name="argument-key"/>
            <cd:resolve name="argument-command"/>
        </cd:arguments>
    </cd:command>

    <cd:command name="letdummyparameter" level="system" category="commandhandler" file="mult-aux.mkiv">
        <cd:arguments>
            <cd:resolve name="argument-key"/>
            <cd:csname/>
        </cd:arguments>
    </cd:command>

    <cd:command name="usedummystyleandcolor" level="system" category="commandhandler" keywords="fonts colors" file="mult-aux.mkiv">
        <cd:arguments>
            <cd:resolve name="argument-key"/>
            <cd:resolve name="argument-key"/>
        </cd:arguments>
    </cd:command>

    <cd:command name="usedummystyleparameter" level="system" category="commandhandler" keywords="fonts" file="mult-aux.mkiv">
        <cd:arguments>
            <cd:resolve name="argument-key"/>
        </cd:arguments>
    </cd:command>

    <cd:command name="usedummycolorparameter" level="system" category="commandhandler" keywords="colors" file="mult-aux.mkiv">
        <cd:arguments>
            <cd:resolve name="argument-key"/>
        </cd:arguments>
    </cd:command>

</cd:interface>
