<?xml version="1.0" encoding="UTF-8"?>

<?context-directive job ctxfile x-setups.ctx ?>

<cd:interface xmlns:cd="http://www.pragma-ade.com/commands">

    <cd:command name="definefirstline" level="style" category="fonts" keywords="colors" file="typo-fln.mkxl">
        <cd:arguments>
            <cd:resolve name="keyword-name"/>
            <cd:resolve name="keyword-name-optional"/>
            <cd:assignments list="yes" optional="yes">
                <cd:inherit name="setupfirstline"/>
            </cd:assignments>
        </cd:arguments>
    </cd:command>

    <cd:command name="setupfirstline" level="style" category="fonts" keywords="colors" file="typo-fln.mkxl">
        <cd:arguments>
            <cd:resolve name="keyword-name-list-optional"/>
            <cd:assignments list="yes">
                <cd:parameter name="n">
                    <cd:constant type="cd:number"/>
                </cd:parameter>
                <cd:parameter name="alternative">
                    <cd:constant type="default"/>
                    <cd:constant type="line" default="yes"/>
                    <cd:constant type="word"/>
                </cd:parameter>
                <cd:parameter name="style">
                    <cd:resolve name="value-style"/>
                </cd:parameter>
                <cd:parameter name="color">
                    <cd:constant type="cd:color"/>
                </cd:parameter>
            </cd:assignments>
        </cd:arguments>
    </cd:command>

    <cd:command name="setfirstline" level="document" category="fonts" keywords="colors" file="typo-fln.mkxl">
        <cd:arguments>
            <cd:resolve name="keyword-name-optional"/>
        </cd:arguments>
    </cd:command>

    <cd:command name="applytofirstcharacter" level="system" category="fonts" keywords="colors" file="typo-fln.mkxl">
        <cd:arguments>
            <cd:csname/>
            <cd:resolve name="argument-text"/>
        </cd:arguments>
    </cd:command>

</cd:interface>
