<?xml version="1.0" encoding="UTF-8"?>

<?context-directive job ctxfile x-setups.ctx ?>

<cd:interface xmlns:cd="http://www.pragma-ade.com/commands">

    <cd:command name="setupfillinlines" level="style" category="rules" file="pack-mrl.mkiv">
        <cd:arguments>
            <cd:assignments list="yes">
                <cd:parameter name="before">
                    <cd:constant type="cd:command"/>
                </cd:parameter>
                <cd:parameter name="after">
                    <cd:constant type="cd:command"/>
                </cd:parameter>
                <cd:parameter name="margin">
                    <cd:constant type="cd:dimension"/>
                </cd:parameter>
                <cd:parameter name="width">
                    <cd:constant type="cd:dimension"/>
                </cd:parameter>
                <cd:parameter name="distance">
                    <cd:constant type="cd:dimension"/>
                </cd:parameter>
                <cd:parameter name="rulethickness">
                    <cd:constant type="cd:dimension"/>
                </cd:parameter>
                <cd:parameter name="color">
                    <cd:constant type="cd:color"/>
                </cd:parameter>
            </cd:assignments>
        </cd:arguments>
    </cd:command>

    <cd:command name="fillinline" level="document" category="rules" file="pack-mrl.mkiv">
        <cd:arguments>
            <cd:assignments list="yes">
                <cd:inherit name="setupfillinlines"/>
            </cd:assignments>
        </cd:arguments>
    </cd:command>

</cd:interface>
