<?xml version="1.0" encoding="UTF-8"?>

<?context-directive job ctxfile x-setups.ctx ?>

<cd:interface xmlns:cd="http://www.pragma-ade.com/commands">

    <cd:command name="setupforms" level="style" category="pdf" file="scrn-fld.mkvi">
        <cd:arguments>
            <cd:assignments list="yes">
                <cd:parameter name="method">
                    <cd:constant type="XML" default="yes"/>
                    <cd:constant type="HTML"/>
                    <cd:constant type="PDF"/>
                </cd:parameter>
                <cd:parameter name="export">
                    <cd:constant type="yes"/>
                    <cd:constant type="no" default="yes"/>
                </cd:parameter>
            </cd:assignments>
        </cd:arguments>
    </cd:command>

</cd:interface>
