<?xml version="1.0" encoding="UTF-8"?>

<?context-directive job ctxfile x-setups.ctx ?>

<cd:interface xmlns:cd="http://www.pragma-ade.com/commands">

    <cd:command name="definehighlight" level="style" category="fonts" keywords="colors" file="core-sys.mkiv">
        <cd:arguments>
            <cd:resolve name="keyword-name"/>
            <cd:resolve name="keyword-name-optional"/>
            <cd:assignments list="yes" optional="yes">
                <cd:inherit name="setuphighlight"/>
            </cd:assignments>
        </cd:arguments>
    </cd:command>

    <cd:command name="setuphighlight" level="style" category="fonts" keywords="colors" file="core-sys.mkiv">
        <cd:arguments>
            <cd:resolve name="keyword-name-list-optional"/>
            <cd:assignments list="yes">
                <cd:parameter name="command">
                    <cd:constant type="yes" default="yes"/>
                    <cd:constant type="no"/>
                </cd:parameter>
                <cd:parameter name="style">
                    <cd:resolve name="value-style"/>
                </cd:parameter>
                <cd:parameter name="color">
                    <cd:constant type="cd:color"/>
                </cd:parameter>
            </cd:assignments>
        </cd:arguments>
    </cd:command>

    <cd:command name="highlight" generated="yes" variant="example" level="document" category="fonts" keywords="colors" file="core-sys.mkiv">
        <cd:sequence>
            <cd:variable value="highlight"/>
        </cd:sequence>
        <cd:arguments>
            <cd:resolve name="argument-text"/>
        </cd:arguments>
    </cd:command>

    <cd:command name="highlight" level="document" category="fonts" keywords="colors" file="core-sys.mkiv">
        <cd:arguments>
            <cd:resolve name="keyword-name"/>
            <cd:resolve name="argument-text"/>
        </cd:arguments>
    </cd:command>

    <cd:command name="highlight" type="environment" level="document" category="fonts" keywords="colors" file="core-sys.mkiv">
        <cd:arguments>
            <cd:resolve name="keyword-name"/>
        </cd:arguments>
    </cd:command>

    <cd:command name="directhighlight" level="document" category="fonts" keywords="colors" file="core-sys.mkiv">
        <cd:arguments>
            <cd:resolve name="argument-name"/>
            <cd:resolve name="argument-text"/>
        </cd:arguments>
    </cd:command>

</cd:interface>
