<?xml version="1.0" encoding="UTF-8"?>

<?context-directive job ctxfile x-setups.ctx ?>

<cd:interface xmlns:cd="http://www.pragma-ade.com/commands">

    <cd:command name="installshipoutmethod" level="system" category="layout" file="page-imp.mkiv">
        <cd:arguments>
            <cd:resolve name="argument-name"/>
            <cd:resolve name="argument-command"/>
        </cd:arguments>
    </cd:command>

    <cd:command name="invokepagehandler" level="system" category="layout" file="page-imp.mkiv">
        <cd:arguments>
            <cd:keywords delimiters="braces">
                <cd:constant type="normal"/>
                <cd:constant type="none"/>
                <cd:constant type="cd:name"/>
            </cd:keywords>
            <cd:content/>
        </cd:arguments>
    </cd:command>

    <cd:command name="setuparranging" level="style" category="layout" file="page-imp.mkiv">
        <cd:arguments>
            <cd:keywords list="yes">
                <cd:constant type="disable"/>
                <cd:constant type="mirrored"/>
                <cd:constant type="doublesided"/>
                <cd:constant type="negative"/>
                <cd:constant type="90"/>
                <cd:constant type="180"/>
                <cd:constant type="270"/>
                <cd:constant type="reset"/>
                <cd:constant type="background"/>
                <cd:constant type="normal"/>
                <cd:constant type="2*16"/>
                <cd:constant type="2*8"/>
                <cd:constant type="2*4"/>
                <cd:constant type="2*2"/>
                <cd:constant type="2**2"/>
                <cd:constant type="2SIDE"/>
                <cd:constant type="2TOP"/>
                <cd:constant type="2UP"/>
                <cd:constant type="2DOWN"/>
                <cd:constant type="2*4*2"/>
                <cd:constant type="2*2*4"/>
                <cd:constant type="2TOPSIDE"/>
                <cd:constant type="2*8*Z"/>
                <cd:constant type="2*6*Z"/>
                <cd:constant type="1*8"/>
                <cd:constant type="1*4"/>
                <cd:constant type="3SIDE"/>
                <cd:constant type="TRYPTICHON"/>
                <cd:constant type="ZFLYER-8"/>
                <cd:constant type="ZFLYER-10"/>
                <cd:constant type="ZFLYER-12"/>
                <cd:constant type="MAPFLYER-12"/>
                <cd:constant type="DOUBLEWINDOW"/>
                <cd:constant type="1*2-Conference"/>
                <cd:constant type="1*4-Conference"/>
                <cd:constant type="2*2*2"/>
                <cd:constant type="2*2*3"/>
                <cd:constant type="XY"/>
                <cd:constant type="cd:name"/>
            </cd:keywords>
        </cd:arguments>
    </cd:command>

    <cd:command name="installpagearrangement" level="system" category="layout" file="page-imp.mkiv">
        <cd:arguments>
            <cd:keywords delimiters="none">
                <cd:constant type="cd:name"/>
            </cd:keywords>
            <cd:resolve name="argument-command"/>
        </cd:arguments>
    </cd:command>

    <cd:command name="arrangedpages" type="environment" begin="push" end="pop" level="system" category="layout" file="page-imp.mkiv"/>

</cd:interface>
