<?xml version="1.0" encoding="UTF-8"?>

<?context-directive job ctxfile x-setups.ctx ?>

<cd:interface xmlns:cd="http://www.pragma-ade.com/commands">

    <cd:command name="resetinjector" level="system" file="typo-inj.mkiv">
        <cd:arguments>
            <cd:resolve name="keyword-name"/>
        </cd:arguments>
    </cd:command>

    <cd:command name="markinjector" level="system" file="typo-inj.mkiv">
        <cd:arguments>
            <cd:resolve name="keyword-name"/>
        </cd:arguments>
    </cd:command>

    <cd:command name="checkinjector" level="system" file="typo-inj.mkiv">
        <cd:arguments>
            <cd:resolve name="keyword-name"/>
        </cd:arguments>
    </cd:command>

    <cd:command name="checkpreviousinjector" level="system" file="typo-inj.mkiv">
        <cd:arguments>
            <cd:resolve name="keyword-name"/>
        </cd:arguments>
    </cd:command>

    <cd:command name="checknextinjector" level="system" file="typo-inj.mkiv">
        <cd:arguments>
            <cd:resolve name="keyword-name"/>
        </cd:arguments>
    </cd:command>

    <cd:command name="setinjector" level="document" file="typo-inj.mkiv">
        <cd:arguments>
            <cd:resolve name="keyword-name"/>
            <cd:resolve name="keyword-number-list"/>
            <cd:resolve name="keyword-command"/>
        </cd:arguments>
    </cd:command>

    <cd:command name="showinjector" level="document" file="typo-inj.mkiv">
        <cd:arguments>
            <cd:resolve name="keyword-name-list-optional"/>
        </cd:arguments>
    </cd:command>

    <!--

        <cd:command name="doinstallinjector" level="system" file="typo-inj.mkiv">
            <cd:arguments>
                <cd:resolve name="argument-name"/>
            </cd:arguments>
        </cd:command>

        <cd:command name="doactivateinjector" level="system" file="typo-inj.mkiv">
            <cd:arguments>
                <cd:resolve name="argument-name"/>
            </cd:arguments>
        </cd:command>

        <cd:command name="dotestinjector" level="system" file="typo-inj.mkiv">
            <cd:arguments>
                <cd:resolve name="argument-name"/>
            </cd:arguments>
        </cd:command>

    -->

</cd:interface>
