<?xml version="1.0" encoding="UTF-8"?>

<?context-directive job ctxfile x-setups.ctx ?>

<cd:interface xmlns:cd="http://www.pragma-ade.com/commands">

    <cd:command name="defaultinterface" level="system" category="interface" file="mult-ini.mkiv"/>

    <cd:command name="currentinterface" level="system" category="interface" file="mult-ini.mkiv"/>

    <cd:command name="currentresponses" level="system" category="interface" file="mult-ini.mkiv"/>

    <cd:command name="interface" type="environment" level="system" category="interface" file="mult-ini.mkiv">
        <cd:arguments>
            <cd:keywords delimiters="none">
                <cd:constant type="all"/>
                <cd:constant type="cd:language"/>
            </cd:keywords>
        </cd:arguments>
    </cd:command>

    <cd:command name="defineinterfaceconstant" level="system" category="interface" file="mult-ini.mkiv">
        <cd:arguments>
            <cd:resolve name="argument-name"/>
            <cd:resolve name="argument-name"/>
        </cd:arguments>
    </cd:command>

    <cd:command name="defineinterfacevariable" level="system" category="interface" file="mult-ini.mkiv">
        <cd:arguments>
            <cd:resolve name="argument-name"/>
            <cd:resolve name="argument-name"/>
        </cd:arguments>
    </cd:command>

    <cd:command name="defineinterfaceelement" level="system" category="interface" file="mult-ini.mkiv">
        <cd:arguments>
            <cd:resolve name="argument-name"/>
            <cd:resolve name="argument-name"/>
        </cd:arguments>
    </cd:command>

    <cd:command name="definefileconstant" level="system" category="interface" file="mult-ini.mkiv">
        <cd:arguments>
            <cd:resolve name="argument-name"/>
            <cd:resolve name="argument-name"/>
        </cd:arguments>
    </cd:command>

    <cd:command name="definesystemconstant" level="system" category="interface" file="mult-ini.mkiv">
        <cd:arguments>
            <cd:resolve name="argument-name"/>
        </cd:arguments>
    </cd:command>

    <cd:command name="definemessageconstant" level="system" category="interface" file="mult-ini.mkiv">
        <cd:arguments>
            <cd:resolve name="argument-name"/>
        </cd:arguments>
    </cd:command>

    <cd:command name="definesystemvariable" level="system" category="interface" file="mult-ini.mkiv">
        <cd:arguments>
            <cd:resolve name="argument-name"/>
        </cd:arguments>
    </cd:command>

    <cd:command name="setinterfacemessage" level="system" category="tracker" file="mult-ini.mkiv">
        <cd:arguments>
            <cd:resolve name="argument-name"/>
            <cd:keywords delimiters="braces">
                <cd:constant type="title"/>
                <cd:constant type="cd:name"/>
                <cd:constant type="cd:number"/>
            </cd:keywords>
            <cd:resolve name="argument-text"/>
        </cd:arguments>
    </cd:command>

    <cd:command name="setmessagetext" level="system" category="tracker" file="mult-ini.mkiv">
        <cd:arguments>
            <cd:resolve name="argument-name"/>
            <cd:keywords delimiters="braces">
                <cd:constant type="cd:name"/>
                <cd:constant type="cd:number"/>
            </cd:keywords>
        </cd:arguments>
    </cd:command>

    <cd:command name="currentmessagetext" level="system" category="tracker" file="mult-ini.mkiv"/>

    <cd:command name="getmessage" level="system" category="tracker" file="mult-ini.mkiv">
        <cd:arguments>
            <cd:resolve name="argument-name"/>
            <cd:keywords delimiters="braces">
                <cd:constant type="cd:name"/>
                <cd:constant type="cd:number"/>
            </cd:keywords>
        </cd:arguments>
    </cd:command>

    <cd:command name="doifelsemessage" level="system" category="tracker" keywords="conditional" file="mult-ini.mkiv">
        <cd:arguments>
            <cd:resolve name="argument-name"/>
            <cd:keywords delimiters="braces">
                <cd:constant type="cd:name"/>
                <cd:constant type="cd:number"/>
            </cd:keywords>
            <cd:resolve name="argument-true"/>
            <cd:resolve name="argument-false"/>
        </cd:arguments>
    </cd:command>

    <cd:command name="doifmessageelse" level="system" category="tracker" keywords="conditional" file="mult-ini.mkiv">
        <cd:arguments>
            <cd:resolve name="argument-name"/>
            <cd:keywords delimiters="braces">
                <cd:constant type="cd:name"/>
                <cd:constant type="cd:number"/>
            </cd:keywords>
            <cd:resolve name="argument-true"/>
            <cd:resolve name="argument-false"/>
        </cd:arguments>
    </cd:command>

    <cd:command name="showmessage" level="system" category="tracker" file="mult-ini.mkiv">
        <cd:arguments>
            <cd:resolve name="argument-name"/>
            <cd:keywords delimiters="braces">
                <cd:constant type="cd:name"/>
                <cd:constant type="cd:number"/>
            </cd:keywords>
            <cd:resolve name="argument-text-list"/>
        </cd:arguments>
    </cd:command>

    <cd:command name="writestatus" level="system" category="tracker" file="mult-ini.mkiv">
        <cd:arguments>
            <cd:resolve name="argument-text"/>
            <cd:resolve name="argument-text"/>
        </cd:arguments>
    </cd:command>

    <cd:command name="message" level="system" category="tracker" file="mult-ini.mkiv">
        <cd:arguments>
            <cd:resolve name="argument-text"/>
        </cd:arguments>
    </cd:command>

    <cd:command name="inlinemessage" level="system" category="tracker" file="mult-ini.mkiv">
        <cd:arguments>
            <cd:resolve name="argument-text"/>
        </cd:arguments>
    </cd:command>

    <cd:command name="displaymessage" level="system" category="tracker" file="mult-ini.mkiv">
        <cd:arguments>
            <cd:resolve name="argument-text"/>
        </cd:arguments>
    </cd:command>

    <cd:command name="showwarning" level="system" category="tracker" file="mult-ini.mkiv">
        <cd:arguments>
            <cd:resolve name="argument-name"/>
            <cd:keywords delimiters="braces">
                <cd:constant type="cd:name"/>
                <cd:constant type="cd:number"/>
            </cd:keywords>
            <cd:resolve name="argument-text-list"/>
        </cd:arguments>
    </cd:command>

    <cd:command name="setinterfaceconstant" level="system" category="interface" file="mult-ini.mkiv">
        <cd:arguments>
            <cd:resolve name="argument-name"/>
            <cd:resolve name="argument-name"/>
        </cd:arguments>
    </cd:command>

    <cd:command name="setinterfacevariable" level="system" category="interface" file="mult-ini.mkiv">
        <cd:arguments>
            <cd:resolve name="argument-name"/>
            <cd:resolve name="argument-name"/>
        </cd:arguments>
    </cd:command>

    <cd:command name="setinterfaceelement" level="system" category="interface" file="mult-ini.mkiv">
        <cd:arguments>
            <cd:resolve name="argument-name"/>
            <cd:resolve name="argument-name"/>
        </cd:arguments>
    </cd:command>

    <cd:command name="setinterfacecommand" level="system" category="interface" file="mult-ini.mkiv">
        <cd:arguments>
            <cd:resolve name="argument-name"/>
            <cd:resolve name="argument-name"/>
        </cd:arguments>
    </cd:command>

</cd:interface>
