<?xml version="1.0" encoding="UTF-8"?>

<?context-directive job ctxfile x-setups.ctx ?>

<cd:interface xmlns:cd="http://www.pragma-ade.com/commands">

    <cd:command name="defineitems" level="style" category="symbols" file="typo-itm.mkiv">
        <cd:arguments>
            <cd:resolve name="keyword-name"/>
            <cd:resolve name="keyword-name-optional"/>
            <cd:assignments list="yes" optional="yes">
                <cd:inherit name="setupitems"/>
            </cd:assignments>
        </cd:arguments>
    </cd:command>

    <cd:command name="setupitems" level="style" category="symbols" file="typo-itm.mkiv">
        <cd:arguments>
            <cd:resolve name="keyword-name-list-optional"/>
            <cd:assignments list="yes">
                <cd:parameter name="alternative">
                    <cd:constant type="left" default="yes"/>
                    <cd:constant type="right"/>
                    <cd:constant type="top"/>
                    <cd:constant type="bottom"/>
                    <cd:constant type="inmargin"/>
                </cd:parameter>
                <cd:parameter name="textwidth">
                    <cd:constant type="cd:dimension"/>
                </cd:parameter>
                <cd:parameter name="width">
                    <cd:constant type="cd:dimension"/>
                </cd:parameter>
                <cd:parameter name="distance">
                    <cd:constant type="cd:dimension"/>
                </cd:parameter>
                <cd:parameter name="symbol">
                    <cd:constant type="none"/>
                    <cd:constant type="cd:name"/>
                </cd:parameter>
                <cd:parameter name="align">
                    <cd:constant type="left"/>
                    <cd:constant type="middle" default="yes"/>
                    <cd:constant type="right"/>
                    <cd:constant type="flushleft"/>
                    <cd:constant type="flushright"/>
                    <cd:constant type="inner"/>
                    <cd:constant type="outer"/>
                    <cd:constant type="margin"/>
                </cd:parameter>
                <cd:parameter name="textalign">
                    <cd:constant type="left"/>
                    <cd:constant type="middle"/>
                    <cd:constant type="right"/>
                    <cd:constant type="flushleft" default="yes"/>
                    <cd:constant type="flushright"/>
                    <cd:constant type="inner"/>
                    <cd:constant type="outer"/>
                </cd:parameter>
                <cd:parameter name="n">
                    <cd:constant type="cd:number"/>
                </cd:parameter>
                <cd:parameter name="before">
                    <cd:constant type="cd:command"/>
                </cd:parameter>
                <cd:parameter name="after">
                    <cd:constant type="cd:command"/>
                </cd:parameter>
                <cd:parameter name="inbetween">
                    <cd:constant type="cd:command"/>
                </cd:parameter>
            </cd:assignments>
        </cd:arguments>
    </cd:command>

    <cd:command name="items" level="document" category="symbols" file="typo-itm.mkiv">
        <cd:arguments>
            <cd:assignments list="yes" optional="yes">
                <cd:inherit name="setupitems"/>
            </cd:assignments>
            <cd:resolve name="argument-text"/>
        </cd:arguments>
    </cd:command>

</cd:interface>
