<?xml version="1.0" encoding="UTF-8"?>

<?context-directive job ctxfile x-setups.ctx ?>

<cd:interface xmlns:cd="http://www.pragma-ade.com/commands">

    <cd:command name="noflines" level="system" category="boxes" keywords="strings" file="supp-box.mkxl"/>

    <cd:command name="getnoflines" level="system" category="boxes" keywords="strings" file="supp-box.mkxl">
        <cd:arguments>
            <cd:resolve name="argument-dimension"/>
        </cd:arguments>
    </cd:command>

    <cd:command name="getroundednoflines" level="system" category="boxes" keywords="strings" file="supp-box.mkxl">
        <cd:arguments>
            <cd:resolve name="argument-dimension"/>
        </cd:arguments>
    </cd:command>

    <cd:command name="getrawnoflines" level="system" category="boxes" keywords="strings" file="supp-box.mkxl">
        <cd:arguments>
            <cd:resolve name="argument-dimension"/>
        </cd:arguments>
    </cd:command>

    <cd:command name="determinenoflines" level="system" category="boxes" keywords="strings" file="supp-box.mkxl">
        <cd:arguments>
            <cd:content/>
        </cd:arguments>
    </cd:command>

    <cd:command name="determinednoflines" level="system" category="boxes" keywords="strings" file="supp-box.mkxl">
        <cd:arguments>
            <cd:content/>
        </cd:arguments>
    </cd:command>

    <cd:command name="noflinesinbox" level="system" category="boxes" file="supp-box.lua">
        <cd:arguments>
            <cd:resolve name="string-box"/>
        </cd:arguments>
    </cd:command>

    <cd:command name="definelines" level="style" category="structure" file="spac-lin.mkxl">
        <cd:arguments>
            <cd:resolve name="keyword-name"/>
            <cd:resolve name="keyword-name-optional"/>
            <cd:assignments list="yes" optional="yes">
                <cd:inherit name="setuplines"/>
            </cd:assignments>
        </cd:arguments>
    </cd:command>

    <cd:command name="setuplines" level="style" category="structure" file="spac-lin.mkxl">
        <cd:arguments>
            <cd:resolve name="keyword-name-list-optional"/>
            <cd:assignments list="yes">
                <cd:parameter name="option">
                    <cd:constant type="packed"/>
                </cd:parameter>
                <cd:parameter name="before">
                    <cd:constant type="cd:command"/>
                </cd:parameter>
                <cd:parameter name="after">
                    <cd:constant type="cd:command"/>
                </cd:parameter>
                <cd:parameter name="inbetween">
                    <cd:constant type="cd:command"/>
                </cd:parameter>
                <cd:parameter name="indenting">
                    <cd:inherit name="setupindenting"/>
                </cd:parameter>
                <cd:parameter name="align">
                    <cd:inherit name="setupalign"/>
                </cd:parameter>
                <cd:parameter name="space">
                    <cd:constant type="yes"/>
                    <cd:constant type="on"/>
                    <cd:constant type="off"/>
                    <cd:constant type="fixed"/>
                    <cd:constant type="default" default="yes"/>
                </cd:parameter>
                <cd:parameter name="command">
                    <cd:constant type="cd:command"/>
                </cd:parameter>
                <cd:parameter name="style">
                    <cd:resolve name="value-style"/>
                </cd:parameter>
                <cd:parameter name="color">
                    <cd:constant type="cd:color"/>
                </cd:parameter>
                <cd:parameter name="left">
                    <cd:constant type="cd:command"/>
                </cd:parameter>
                <cd:parameter name="right">
                    <cd:constant type="cd:command"/>
                </cd:parameter>
                <cd:parameter name="indentlist" list="yes">
                    <cd:constant type="cd:dimension"/>
                    <cd:constant type="*"/>
                </cd:parameter>
                <cd:parameter name="keeptogether">
                    <cd:constant type="paragraph"/>
                </cd:parameter>
            </cd:assignments>
        </cd:arguments>
    </cd:command>

    <cd:command name="lines" type="environment" generated="yes" variant="instance" level="document" category="structure" file="spac-lin.mkxl">
        <cd:sequence>
            <cd:instance value="lines"/>
        </cd:sequence>
        <cd:arguments>
            <cd:assignments list="yes" optional="yes">
                <cd:inherit name="setuplines"/>
            </cd:assignments>
        </cd:arguments>
        <cd:instances>
            <cd:resolve name="instance-lines"/>
        </cd:instances>
    </cd:command>

    <cd:command name="emptylines" level="document" category="whitespace" file="spac-lin.mkxl">
        <cd:arguments>
            <cd:resolve name="keyword-number-optional"/>
        </cd:arguments>
    </cd:command>

    <cd:command name="insertlinebefore" level="document" file="typo-adj.mkxl">
        <cd:arguments>
            <cd:content/>
        </cd:arguments>
    </cd:command>

    <cd:command name="insertlineafter" level="document" file="typo-adj.mkxl">
        <cd:arguments>
            <cd:content/>
        </cd:arguments>
    </cd:command>

</cd:interface>
