<?xml version="1.0" encoding="UTF-8"?>

<?context-directive job ctxfile x-setups.ctx ?>

<cd:interface xmlns:cd="http://www.pragma-ade.com/commands">

    <cd:command name="setuplinewidth" level="style" category="layout" file="pack-rul.mkiv">
        <cd:arguments>
            <cd:keywords>
                <cd:constant type="small"/>
                <cd:constant type="medium"/>
                <cd:constant type="big"/>
                <cd:constant type="cd:dimension"/>
            </cd:keywords>
        </cd:arguments>
    </cd:command>

    <cd:command name="linewidth" level="style" category="layout" file="pack-rul.mkiv"/>

</cd:interface>
