<?xml version="1.0" encoding="UTF-8"?>

<?context-directive job ctxfile x-setups.ctx ?>

<cd:interface xmlns:cd="http://www.pragma-ade.com/commands">

    <cd:command name="definemathornament" level="style" category="mathematics" file="math-rad.mkvi">
        <cd:arguments>
            <cd:resolve name="keyword-name"/>
            <cd:resolve name="keyword-name-optional"/>
            <cd:assignments list="yes" optional="yes">
                <cd:inherit name="setupmathornament"/>
            </cd:assignments>
        </cd:arguments>
    </cd:command>

    <cd:command name="setupmathornament" level="style" category="mathematics" file="math-rad.mkvi">
        <cd:arguments>
            <cd:resolve name="keyword-name-list-optional"/>
            <cd:assignments list="yes">
                <cd:parameter name="alternative">
                    <cd:constant type="mp"/>
                </cd:parameter>
                <cd:parameter name="color">
                    <cd:constant type="cd:color"/>
                </cd:parameter>
                <cd:parameter name="mpoffset">
                    <cd:constant type="cd:dimension"/>
                </cd:parameter>
                <cd:parameter name="mp">
                    <cd:constant type="cd:name"/>
                </cd:parameter>
            </cd:assignments>
        </cd:arguments>
    </cd:command>

    <cd:command name="mathornament" generated="yes" variant="example" level="document" category="mathematics" file="math-rad.mkvi">
        <cd:sequence>
            <cd:variable value="mathornament"/>
        </cd:sequence>
        <cd:arguments>
            <cd:content/>
        </cd:arguments>
    </cd:command>

</cd:interface>
