<?xml version="1.0" encoding="UTF-8"?>

<?context-directive job ctxfile x-setups.ctx ?>

<cd:interface xmlns:cd="http://www.pragma-ade.com/commands">

    <cd:command name="definemathematics" level="style" category="mathematics" file="math-ini.mkxl">
        <cd:arguments>
            <cd:resolve name="keyword-name"/>
            <cd:resolve name="keyword-name-optional"/>
            <cd:assignments list="yes" optional="yes">
                <cd:inherit name="setupmathematics"/>
            </cd:assignments>
        </cd:arguments>
    </cd:command>

    <cd:command name="setupmathematics" level="style" category="mathematics" file="math-ini.mkxl">
        <cd:arguments>
            <cd:resolve name="keyword-name-list-optional"/>
            <cd:assignments list="yes">
                <cd:parameter name="openup">
                    <cd:constant type="yes"/>
                    <cd:constant type="no" default="yes"/>
                </cd:parameter>
                <cd:parameter name="symbolset" list="yes">
                    <cd:constant type="blackboard-to-bold"/>
                    <cd:constant type="mikaels-favourites"/>
                    <cd:constant type="cd:name"/>
                </cd:parameter>
                <cd:parameter name="functionstyle">
                    <cd:resolve name="value-style"/>
                </cd:parameter>
                <cd:parameter name="compact">
                    <cd:constant type="yes"/>
                    <cd:constant type="no" default="yes"/>
                </cd:parameter>
                <cd:parameter name="align">
                    <cd:constant type="l2r" default="yes"/>
                    <cd:constant type="lefttoright"/>
                    <cd:constant type="r2l"/>
                    <cd:constant type="righttoleft"/>
                </cd:parameter>
                <cd:parameter name="sygreek">
                    <cd:constant type="normal" default="yes"/>
                    <cd:constant type="italic"/>
                    <cd:constant type="none"/>
                </cd:parameter>
                <cd:parameter name="lcgreek">
                    <cd:constant type="normal"/>
                    <cd:constant type="italic" default="yes"/>
                    <cd:constant type="none"/>
                </cd:parameter>
                <cd:parameter name="ucgreek">
                    <cd:constant type="normal" default="yes"/>
                    <cd:constant type="italic"/>
                    <cd:constant type="none"/>
                </cd:parameter>
                <cd:parameter name="italics">
                    <cd:constant type="yes"/>
                    <cd:constant type="no"/>
                </cd:parameter>
                <cd:parameter name="autopunctuation">
                    <cd:constant type="yes"/>
                    <cd:constant type="no" default="yes"/>
                    <cd:constant type="all"/>
                    <cd:constant type="comma"/>
                    <cd:constant type="yes,semicolon"/>
                    <cd:constant type="comma,semicolon"/>
                    <cd:constant type="all,semicolon"/>
                </cd:parameter>
                <cd:parameter name="setups">
                    <cd:constant type="cd:name"/>
                </cd:parameter>
                <cd:parameter name="domain">
                    <cd:constant type="default"/>
                    <cd:constant type="cd:name"/>
                </cd:parameter>
                <cd:parameter name="textstyle">
                    <cd:resolve name="value-style"/>
                </cd:parameter>
                <cd:parameter name="textcolor">
                    <cd:constant type="cd:color"/>
                </cd:parameter>
                <cd:parameter name="functioncolor">
                    <cd:constant type="cd:color"/>
                </cd:parameter>
                <cd:parameter name="integral">
                    <cd:constant type="horizontal"/>
                    <cd:constant type="vertical"/>
                    <cd:constant type="auto"/>
                    <cd:constant type="autolimits"/>
                    <cd:constant type="limits"/>
                    <cd:constant type="nolimits"/>
                </cd:parameter>
                <cd:parameter name="stylealternative">
                     <cd:constant type="cd:name"/>
                </cd:parameter>
                <cd:parameter name="default">
                    <cd:constant type="normal"/>
                    <cd:constant type="italic" default="yes"/>
                </cd:parameter>
                <cd:parameter name="collapsing">
                    <cd:constant type="0"/>
                    <cd:constant type="1" default="yes"/>
                    <cd:constant type="2"/>
                    <cd:constant type="3"/>
                    <cd:constant type="default"/>
                    <cd:constant type="tex"/>
                    <cd:constant type="list"/>
                    <cd:constant type="all"/>
                    <cd:constant type="none"/>
                    <cd:constant type="reset"/>
                </cd:parameter>
                <cd:parameter name="kernpairs">
                    <cd:constant type="yes"/>
                    <cd:constant type="no" default="yes"/>
                </cd:parameter>
                <cd:parameter name="mathconstants">
                    <cd:constant type="italic" default="yes"/>
                    <cd:constant type="upright"/>
                </cd:parameter>
                <cd:parameter name="differentiald">
                    <cd:constant type="italic" default="yes"/>
                    <cd:constant type="upright"/>
                </cd:parameter>
                <cd:parameter name="exponentiale">
                    <cd:constant type="italic" default="yes"/>
                    <cd:constant type="upright"/>
                </cd:parameter>
                <cd:parameter name="imaginaryi">
                    <cd:constant type="italic" default="yes"/>
                    <cd:constant type="upright"/>
                </cd:parameter>
                <cd:parameter name="imaginaryj">
                    <cd:constant type="italic" default="yes"/>
                    <cd:constant type="upright"/>
                </cd:parameter>
                <cd:parameter name="pi">
                    <cd:constant type="italic" default="yes"/>
                    <cd:constant type="upright"/>
                </cd:parameter>
                <cd:parameter name="snap">
                    <cd:constant type="yes"/>
                    <cd:constant type="no"/>
                </cd:parameter>
                <cd:parameter name="textdistance">
                    <cd:constant type="cd:dimension"/>
                </cd:parameter>
                <cd:parameter name="threshold">
                    <cd:constant type="none"/>
                    <cd:constant type="small"/>
                    <cd:constant type="medium"/>
                    <cd:constant type="big"/>
                    <cd:constant type="cd:dimension"/>
                </cd:parameter>
                <cd:parameter name="mathstyle">
                    <cd:resolve name="value-mathstyle"/>
                </cd:parameter>
                <cd:parameter name="color">
                    <cd:constant type="cd:color"/>
                </cd:parameter>
                <cd:parameter name="autospacing">
                    <cd:constant type="yes"/>
                    <cd:constant type="no"/>
                </cd:parameter>
                <cd:parameter name="autonumbers">
                    <cd:constant type="yes"/>
                    <cd:constant type="no"/>
                    <cd:constant type="cd:number"/>
                </cd:parameter>
                <cd:parameter name="autofencing">
                    <cd:constant type="yes"/>
                    <cd:constant type="no"/>
                </cd:parameter>
                <cd:parameter name="hz">
                    <cd:constant type="yes"/>
                    <cd:constant type="no"/>
                </cd:parameter>
                <cd:parameter name="alignscripts">
                    <cd:constant type="yes"/>
                    <cd:constant type="no"/>
                    <cd:constant type="always"/>
                    <cd:constant type="empty"/>
                </cd:parameter>
                <cd:parameter name="interscriptfactor">
                    <cd:constant type="cd:number"/>
                </cd:parameter>
                <cd:parameter name="autointervals">
                    <cd:constant type="yes"/>
                    <cd:constant type="no"/>
                </cd:parameter>
                <cd:parameter name="limitstretch">
                    <cd:constant type="yes"/>
                    <cd:constant type="no"/>
                </cd:parameter>
            </cd:assignments>
        </cd:arguments>
    </cd:command>

    <cd:command name="inlineordisplaymath" level="system" category="mathematics" file="math-ini.mkxl">
        <cd:arguments>
            <cd:content/>
            <cd:content/>
        </cd:arguments>
    </cd:command>

    <cd:command name="rawmathematics" level="document" category="mathematics" file="math-ini.mkxl">
        <cd:arguments>
            <cd:content/>
        </cd:arguments>
    </cd:command>

    <cd:command name="mathematics" type="environment" level="document" category="mathematics" file="math-ini.mkxl">
        <cd:arguments>
            <cd:resolve name="keyword-mathematics-optional"/>
        </cd:arguments>
    </cd:command>

    <cd:command name="mathematics" level="document" category="mathematics" file="math-ini.mkxl">
        <cd:arguments>
            <cd:resolve name="keyword-mathematics-optional"/>
            <cd:content/>
        </cd:arguments>
    </cd:command>

    <cd:command name="mathematics" variant="assignment" level="document" category="mathematics" file="math-ini.mkxl">
        <cd:arguments>
            <cd:assignments list="yes" optional="yes">
                <cd:inherit name="setupmathematics"/>
            </cd:assignments>
            <cd:content/>
        </cd:arguments>
    </cd:command>

    <cd:command name="math" level="document" category="mathematics" file="math-ini.mkxl">
        <cd:arguments>
            <cd:resolve name="keyword-mathematics-optional"/>
            <cd:content/>
        </cd:arguments>
    </cd:command>

    <cd:command name="math" variant="assignment" level="document" category="mathematics" file="math-ini.mkxl">
        <cd:arguments>
            <cd:assignments list="yes" optional="yes">
                <cd:inherit name="setupmathematics"/>
            </cd:assignments>
            <cd:content/>
        </cd:arguments>
    </cd:command>

    <cd:command name="m" level="document" category="mathematics" file="math-ini.mkxl">
        <cd:arguments>
            <cd:resolve name="keyword-mathematics-optional"/>
            <cd:content/>
        </cd:arguments>
    </cd:command>

    <cd:command name="m" variant="assignment" level="document" category="mathematics" file="math-ini.mkxl">
        <cd:arguments>
            <cd:assignments list="yes" optional="yes">
                <cd:inherit name="setupmathematics"/>
            </cd:assignments>
            <cd:content/>
        </cd:arguments>
    </cd:command>

    <cd:command name="dm" level="document" category="mathematics" file="math-ini.mkxl">
        <cd:arguments>
            <cd:content/>
        </cd:arguments>
    </cd:command>

    <cd:command name="im" level="document" category="mathematics" file="math-ini.mkxl">
        <cd:arguments>
            <cd:content/>
        </cd:arguments>
    </cd:command>

    <cd:command name="mtp" level="document" category="mathematics" file="math-ini.mkxl">
        <cd:arguments>
            <cd:content/>
        </cd:arguments>
    </cd:command>

    <cd:command name="definemathcommand" variant="one" level="style" category="mathematics" file="math-ini.mkxl">
        <cd:arguments>
            <cd:resolve name="keyword-name"/>
            <cd:keywords>
                <cd:resolve name="value-mathclass"/>
            </cd:keywords>
            <cd:keywords>
                <cd:constant type="one"/>
            </cd:keywords>
            <cd:keywords delimiters="braces">
                <cd:constant type="cd:oneargument"/>
            </cd:keywords>
        </cd:arguments>
    </cd:command>

    <cd:command name="definemathcommand" variant="two" level="style" category="mathematics" file="math-ini.mkxl">
        <cd:arguments>
            <cd:resolve name="keyword-name"/>
            <cd:keywords>
                <cd:resolve name="value-mathclass"/>
            </cd:keywords>
            <cd:keywords>
                <cd:constant type="two"/>
            </cd:keywords>
            <cd:keywords delimiters="braces">
                <cd:constant type="cd:twoarguments"/>
            </cd:keywords>
        </cd:arguments>
    </cd:command>

    <cd:command name="definemathcommand" variant="mathclass" level="style" category="mathematics" file="math-ini.mkxl">
        <cd:arguments>
            <cd:resolve name="keyword-name"/>
            <cd:keywords>
                <cd:resolve name="value-mathclass"/>
            </cd:keywords>
            <cd:keywords>
                <cd:resolve name="value-mathclass"/>
            </cd:keywords>
            <cd:keywords delimiters="braces">
                <cd:constant type="cd:command"/>
            </cd:keywords>
        </cd:arguments>
    </cd:command>

    <cd:command name="definemathcommand" level="style" category="mathematics" file="math-ini.mkxl">
        <cd:arguments>
            <cd:resolve name="keyword-name"/>
            <cd:keywords optional="yes">
                <cd:resolve name="value-mathclass"/>
            </cd:keywords>
            <cd:keywords delimiters="braces" optional="yes">
                <cd:constant type="cd:command"/>
            </cd:keywords>
        </cd:arguments>
    </cd:command>

    <cd:command name="mathcommand" generated="yes" variant="example" level="document" category="mathematics" file="math-ini.mkxl">
        <cd:sequence>
            <cd:variable value="mathcommand"/>
        </cd:sequence>
        <cd:arguments>
            <cd:resolve name="argument-text-optional"/>
            <cd:resolve name="argument-text-optional"/>
        </cd:arguments>
    </cd:command>

    <!--

        <cd:command name="mathcommand" level="document" category="mathematics" file="math-ini.mkxl">
            <cd:arguments>
                <cd:resolve name="argument-name"/>
            </cd:arguments>
        </cd:command>

    -->

    <cd:command name="mathop" level="style" category="mathematics" file="math-ini.mkxl">
        <cd:arguments>
            <cd:content/>
        </cd:arguments>
    </cd:command>

    <cd:command name="mbox" level="document" category="mathematics" file="math-ini.mkxl">
        <cd:arguments>
            <cd:content/>
        </cd:arguments>
    </cd:command>

    <cd:command name="mtext" level="document" category="mathematics" file="math-ini.mkxl">
        <cd:arguments>
            <cd:content/>
        </cd:arguments>
    </cd:command>

    <cd:command name="mfunctionlabeltext" level="system" category="mathematics" file="math-ini.mkxl">
        <cd:arguments>
            <cd:resolve name="argument-name"/>
        </cd:arguments>
    </cd:command>

    <cd:command name="stackrel" level="document" category="mathematics" file="math-ini.mkxl">
        <cd:arguments>
            <cd:content/>
            <cd:content/>
        </cd:arguments>
    </cd:command>

    <cd:command name="apply" level="document" category="mathematics" file="math-ini.mkxl">
        <cd:arguments>
            <cd:content/>
            <cd:content/>
        </cd:arguments>
    </cd:command>

    <cd:command name="definemathstyle" level="system" category="mathematics" file="math-ini.mkxl">
        <cd:arguments>
            <cd:resolve name="keyword-name"/>
            <cd:keywords list="yes">
                <cd:resolve name="value-mathstyle"/>
            </cd:keywords>
        </cd:arguments>
    </cd:command>

    <cd:command name="setupmathstyle" level="style" category="mathematics" file="math-ini.mkxl">
        <cd:arguments>
            <cd:keywords list="yes">
                <cd:resolve name="value-mathstyle"/>
                <cd:constant type="cd:name"/>
            </cd:keywords>
        </cd:arguments>
    </cd:command>

    <cd:command name="setmathstyle" level="system" category="mathematics" file="math-ini.mkxl">
        <cd:arguments>
            <cd:keywords delimiters="braces" list="yes">
                <cd:resolve name="value-mathstyle"/>
                <cd:constant type="cd:name"/>
            </cd:keywords>
        </cd:arguments>
    </cd:command>

    <cd:command name="mathstyle" type="environment" level="system" category="mathematics" file="math-ini.mkxl">
        <cd:arguments>
            <cd:keywords list="yes">
                <cd:resolve name="value-mathstyle"/>
                <cd:constant type="cd:name"/>
            </cd:keywords>
        </cd:arguments>
    </cd:command>

    <cd:command name="mathstyle" type="environment" begin="push" end="pop" level="system" category="mathematics" file="math-ini.mkxl"/>

    <cd:command name="usemathstyleparameter" level="system" category="mathematics" file="math-ini.mkxl">
        <cd:arguments>
            <cd:csname/>
        </cd:arguments>
    </cd:command>

    <cd:command name="usemathstyleparameter" type="environment" level="system" category="mathematics" file="math-ini.mkxl">
        <cd:arguments>
            <cd:csname/>
        </cd:arguments>
    </cd:command>

    <cd:command name="mathtext" level="document" category="mathematics" file="math-ini.mkxl">
        <cd:arguments>
            <cd:resolve name="string-boxoptions"/>
            <cd:resolve name="argument-text"/>
        </cd:arguments>
    </cd:command>

    <!--

        <cd:command name="text" level="document" category="mathematics" file="math-ini.mkxl">
            <cd:arguments>
                <cd:resolve name="string-boxoptions"/>
                <cd:resolve name="argument-text"/>
            </cd:arguments>
        </cd:command>

        <cd:command name="t" level="document" category="mathematics" file="math-ini.mkxl">
            <cd:arguments>
                <cd:resolve name="string-boxoptions"/>
                <cd:resolve name="argument-text"/>
            </cd:arguments>
        </cd:command>

        <cd:command name="w" level="document" category="mathematics" file="math-ini.mkxl">
            <cd:arguments>
                <cd:resolve name="string-boxoptions"/>
                <cd:resolve name="argument-text"/>
            </cd:arguments>
        </cd:command>

    -->

    <cd:command name="mathtexttf" level="document" category="mathematics" file="math-ini.mkxl">
        <cd:arguments>
            <cd:resolve name="string-boxoptions"/>
            <cd:resolve name="argument-text"/>
        </cd:arguments>
    </cd:command>

    <cd:command name="mathtextit" level="document" category="mathematics" file="math-ini.mkxl">
        <cd:arguments>
            <cd:resolve name="string-boxoptions"/>
            <cd:resolve name="argument-text"/>
        </cd:arguments>
    </cd:command>

    <cd:command name="mathtextsl" level="document" category="mathematics" file="math-ini.mkxl">
        <cd:arguments>
            <cd:resolve name="string-boxoptions"/>
            <cd:resolve name="argument-text"/>
        </cd:arguments>
    </cd:command>

    <cd:command name="mathtextbf" level="document" category="mathematics" file="math-ini.mkxl">
        <cd:arguments>
            <cd:resolve name="string-boxoptions"/>
            <cd:resolve name="argument-text"/>
        </cd:arguments>
    </cd:command>

    <cd:command name="mathtextbi" level="document" category="mathematics" file="math-ini.mkxl">
        <cd:arguments>
            <cd:resolve name="string-boxoptions"/>
            <cd:resolve name="argument-text"/>
        </cd:arguments>
    </cd:command>

    <cd:command name="mathtextbs" level="document" category="mathematics" file="math-ini.mkxl">
        <cd:arguments>
            <cd:resolve name="string-boxoptions"/>
            <cd:resolve name="argument-text"/>
        </cd:arguments>
    </cd:command>

    <cd:command name="mathword" level="document" category="mathematics" file="math-ini.mkxl">
        <cd:arguments>
            <cd:resolve name="string-boxoptions"/>
            <cd:resolve name="argument-text"/>
        </cd:arguments>
    </cd:command>

    <cd:command name="mathwordtf" level="document" category="mathematics" file="math-ini.mkxl">
        <cd:arguments>
            <cd:resolve name="string-boxoptions"/>
            <cd:resolve name="argument-text"/>
        </cd:arguments>
    </cd:command>

    <cd:command name="mathwordit" level="document" category="mathematics" file="math-ini.mkxl">
        <cd:arguments>
            <cd:resolve name="string-boxoptions"/>
            <cd:resolve name="argument-text"/>
        </cd:arguments>
    </cd:command>

    <cd:command name="mathwordsl" level="document" category="mathematics" file="math-ini.mkxl">
        <cd:arguments>
            <cd:resolve name="string-boxoptions"/>
            <cd:resolve name="argument-text"/>
        </cd:arguments>
    </cd:command>

    <cd:command name="mathwordbf" level="document" category="mathematics" file="math-ini.mkxl">
        <cd:arguments>
            <cd:resolve name="string-boxoptions"/>
            <cd:resolve name="argument-text"/>
        </cd:arguments>
    </cd:command>

    <cd:command name="mathwordbi" level="document" category="mathematics" file="math-ini.mkxl">
        <cd:arguments>
            <cd:resolve name="string-boxoptions"/>
            <cd:resolve name="argument-text"/>
        </cd:arguments>
    </cd:command>

    <cd:command name="mathwordbs" level="document" category="mathematics" file="math-ini.mkxl">
        <cd:arguments>
            <cd:resolve name="string-boxoptions"/>
            <cd:resolve name="argument-text"/>
        </cd:arguments>
    </cd:command>

    <cd:command name="mathrm" level="document" category="mathematics" file="math-ini.mkxl"/>

    <cd:command name="mathss" level="document" category="mathematics" file="math-ini.mkxl"/>

    <cd:command name="mathtt" level="document" category="mathematics" file="math-ini.mkxl"/>

    <cd:command name="mathtf" level="document" category="mathematics" file="math-ini.mkxl"/>

    <cd:command name="mathsl" level="document" category="mathematics" file="math-ini.mkxl"/>

    <cd:command name="mathit" level="document" category="mathematics" file="math-ini.mkxl"/>

    <cd:command name="mathbf" level="document" category="mathematics" file="math-ini.mkxl"/>

    <cd:command name="mathbi" level="document" category="mathematics" file="math-ini.mkxl"/>

    <cd:command name="mathbs" level="document" category="mathematics" file="math-ini.mkxl"/>

    <cd:command name="mathitalic" level="document" category="mathematics" file="math-ini.mkxl"/>

    <cd:command name="mathupright" level="document" category="mathematics" file="math-ini.mkxl"/>

    <cd:command name="mathdefault" level="document" category="mathematics" file="math-ini.mkxl"/>

    <cd:command name="mathscript" level="document" category="mathematics" file="math-ini.mkxl"/>

    <cd:command name="mathfraktur" level="document" category="mathematics" file="math-ini.mkxl"/>

    <cd:command name="mathblackboard" level="document" category="mathematics" file="math-ini.mkxl"/>

    <cd:command name="displaymath" level="style" category="mathematics" file="supp-mat.mkiv">
        <cd:arguments>
            <cd:content/>
        </cd:arguments>
    </cd:command>

    <cd:command name="inlinemath" level="style" category="mathematics" file="supp-mat.mkiv">
        <cd:arguments>
            <cd:content/>
        </cd:arguments>
    </cd:command>

    <cd:command name="textmath" level="style" category="mathematics" file="supp-mat.mkiv">
        <cd:arguments>
            <cd:content/>
        </cd:arguments>
    </cd:command>

    <cd:command name="imath" type="environment" level="system" category="mathematics" file="supp-mat.mkiv"/>

    <cd:command name="dmath" type="environment" level="system" category="mathematics" file="supp-mat.mkiv"/>

    <cd:command name="mathmode" type="environment" level="system" category="mathematics" file="supp-mat.mkiv"/>

    <cd:command name="nonmathematics" level="system" category="mathematics" file="supp-mat.mkiv">
        <cd:arguments>
            <cd:content/>
        </cd:arguments>
    </cd:command>

    <cd:command name="displaymathematics" level="system" category="mathematics" file="supp-mat.mkiv">
        <cd:arguments>
            <cd:content/>
        </cd:arguments>
    </cd:command>

    <cd:command name="inlinemathematics" level="system" category="mathematics" file="supp-mat.mkiv">
        <cd:arguments>
            <cd:content/>
        </cd:arguments>
    </cd:command>

    <cd:command name="automathematics" level="system" category="mathematics" file="supp-mat.mkiv">
        <cd:arguments>
            <cd:content/>
        </cd:arguments>
    </cd:command>

    <cd:command name="cramped" level="system" category="mathematics" file="supp-mat.mkiv">
        <cd:arguments>
            <cd:content/>
        </cd:arguments>
    </cd:command>

    <cd:command name="crampedllap" level="system" category="mathematics" file="supp-mat.mkiv">
        <cd:arguments>
            <cd:content/>
        </cd:arguments>
    </cd:command>

    <cd:command name="crampedrlap" level="system" category="mathematics" file="supp-mat.mkiv">
        <cd:arguments>
            <cd:content/>
        </cd:arguments>
    </cd:command>

    <cd:command name="crampedclap" level="system" category="mathematics" file="supp-mat.mkiv">
        <cd:arguments>
            <cd:content/>
        </cd:arguments>
    </cd:command>

    <cd:command name="autointegral" level="system" category="mathematics" file="math-del.mkiv">
        <cd:arguments>
            <cd:resolve name="argument-text"/>
            <cd:resolve name="argument-text"/>
            <cd:resolve name="argument-text"/>
        </cd:arguments>
    </cd:command>

    <cd:command name="stackscripts" level="document" category="mathematics" file="math-ini.mkxl"/>

    <cd:command name="unstackscripts" level="document" category="mathematics" file="math-ini.mkxl"/>

    <cd:command name="amedian" level="document" category="mathematics" file="math-def.mkxl">
        <cd:arguments>
            <cd:content/>
        </cd:arguments>
    </cd:command>

</cd:interface>
