<?xml version="1.0" encoding="UTF-8"?>

<?context-directive job ctxfile x-setups.ctx ?>

<cd:interface xmlns:cd="http://www.pragma-ade.com/commands">

    <cd:command name="setupoppositeplacing" level="style" category="layout" file="page-fac.mkiv">
        <cd:arguments>
            <cd:assignments list="yes">
                <cd:parameter name="state">
                    <cd:constant type="start" default="yes"/>
                    <cd:constant type="stop"/>
                </cd:parameter>
                <cd:parameter name="before">
                    <cd:constant type="cd:command"/>
                </cd:parameter>
                <cd:parameter name="after">
                    <cd:constant type="cd:command"/>
                </cd:parameter>
                <cd:parameter name="inbetween">
                    <cd:constant type="cd:command"/>
                </cd:parameter>
            </cd:assignments>
        </cd:arguments>
    </cd:command>

    <cd:command name="opposite" type="environment" level="document" category="layout" file="page-fac.mkiv"/>

</cd:interface>
