<?xml version="1.0" encoding="UTF-8"?>

<?context-directive job ctxfile x-setups.ctx ?>

<cd:interface xmlns:cd="http://www.pragma-ade.com/commands">

    <cd:command name="setoverloads" level="style" file="typo-ovl.mkxl">
        <cd:arguments>
            <cd:resolve name="keyword-name"/>
        </cd:arguments>
    </cd:command>

    <cd:command name="registeroverloads" level="style" file="typo-ovl.mkxl">
        <cd:arguments>
            <cd:resolve name="keyword-name"/>
        </cd:arguments>
    </cd:command>

    <cd:command name="resetoverloads" level="style" file="typo-ovl.mkxl"/>

</cd:interface>
