<?xml version="1.0" encoding="UTF-8"?>

<?context-directive job ctxfile x-setups.ctx ?>

<cd:interface xmlns:cd="http://www.pragma-ade.com/commands">

    <cd:command name="pagearea" level="style" category="layout" file="page-plg.mkiv">
        <cd:arguments>
            <cd:keywords>
                <cd:constant type="top"/>
                <cd:constant type="header"/>
                <cd:constant type="text"/>
                <cd:constant type="footer"/>
                <cd:constant type="bottom"/>
            </cd:keywords>
            <cd:keywords optional="yes">
                <cd:constant type="text"/>
                <cd:constant type="margin"/>
                <cd:constant type="edge"/>
            </cd:keywords>
            <cd:keywords optional="yes">
                <cd:constant type="left"/>
                <cd:constant type="right"/>
                <cd:constant type="lefttext"/>
                <cd:constant type="middletext" default="yes"/>
                <cd:constant type="righttext"/>
            </cd:keywords>
        </cd:arguments>
    </cd:command>

    <cd:command name="pagelayout" type="environment" level="style" category="layout" file="page-plg.mkiv">
        <cd:arguments>
            <cd:keywords>
                <cd:constant type="page"/>
                <cd:constant type="leftpage"/>
                <cd:constant type="rightpage"/>
            </cd:keywords>
        </cd:arguments>
    </cd:command>

</cd:interface>
