<?xml version="1.0" encoding="UTF-8"?>

<?context-directive job ctxfile x-setups.ctx ?>

<cd:interface xmlns:cd="http://www.pragma-ade.com/commands">

    <cd:command name="setuppagecomment" level="style" category="pdf" file="page-com.mkiv">
        <cd:arguments>
            <cd:assignments list="yes">
                <cd:parameter name="location">
                    <cd:constant type="left"/>
                    <cd:constant type="right"/>
                    <cd:constant type="top"/>
                    <cd:constant type="bottom" default="yes"/>
                    <cd:constant type="none"/>
                </cd:parameter>
                <cd:parameter name="state">
                    <cd:constant type="start"/>
                    <cd:constant type="stop"/>
                    <cd:constant type="none" default="yes"/>
                </cd:parameter>
                <cd:parameter name="offset">
                    <cd:constant type="cd:dimension"/>
                </cd:parameter>
                <cd:parameter name="distance">
                    <cd:constant type="cd:dimension"/>
                </cd:parameter>
                <cd:parameter name="width">
                    <cd:constant type="cd:dimension"/>
                </cd:parameter>
                <cd:parameter name="height">
                    <cd:constant type="cd:dimension"/>
                </cd:parameter>
            </cd:assignments>
        </cd:arguments>
    </cd:command>

    <cd:command name="pagecomment" type="environment" level="document" category="pdf" file="page-com.mkiv"/>

</cd:interface>
