<?xml version="1.0" encoding="UTF-8"?>

<?context-directive job ctxfile x-setups.ctx ?>

<cd:interface xmlns:cd="http://www.pragma-ade.com/commands">

    <cd:command name="pageblock" type="environment" file="page-blk.mkxl">
        <cd:arguments>
            <cd:resolve name="keyword-name"/>
        </cd:arguments>
    </cd:command>

    <cd:command name="flushpageblocks" file="page-blk.mkxl">
        <cd:arguments>
            <cd:resolve name="keyword-name-list"/>
        </cd:arguments>
    </cd:command>

    <cd:command name="pageblockrealpage" file="page-blk.mkxl">
        <cd:arguments>
            <cd:resolve name="argument-name"/>
        </cd:arguments>
    </cd:command>

    <cd:command name="prerollpageblock" type="environment" file="page-blk.mkxl">
        <cd:arguments>
            <cd:resolve name="keyword-name"/>
        </cd:arguments>
    </cd:command>

    <cd:command name="prerolledpages" file="page-blk.mkxl">
        <cd:arguments>
            <cd:resolve name="keyword-name-list"/>
        </cd:arguments>
    </cd:command>

</cd:interface>
