<?xml version="1.0" encoding="UTF-8"?>

<?context-directive job ctxfile x-setups.ctx ?>

<cd:interface xmlns:cd="http://www.pragma-ade.com/commands">

    <cd:command name="pagefigure" level="document" category="graphics" file="page-app.mkiv">
        <cd:arguments>
            <cd:resolve name="keyword-file"/>
            <cd:assignments list="yes" optional="yes">
                <cd:parameter name="offset">
                    <cd:constant type="default"/>
                    <cd:constant type="overlay"/>
                    <cd:constant type="none"/>
                    <cd:constant type="cd:dimension"/>
                </cd:parameter>
            </cd:assignments>
        </cd:arguments>
    </cd:command>

    <cd:command name="pagefigure" type="environment" level="document" category="graphics" file="page-app.mkiv">
        <cd:arguments>
            <cd:resolve name="keyword-file"/>
            <cd:assignments list="yes" optional="yes">
                <cd:parameter name="offset">
                    <cd:constant type="default"/>
                    <cd:constant type="overlay"/>
                    <cd:constant type="none"/>
                    <cd:constant type="cd:dimension"/>
                </cd:parameter>
            </cd:assignments>
        </cd:arguments>
    </cd:command>

</cd:interface>
