<?xml version="1.0" encoding="UTF-8"?>

<?context-directive job ctxfile x-setups.ctx ?>

<cd:interface xmlns:cd="http://www.pragma-ade.com/commands">

    <cd:command name="defineparbuilder" level="system" category="layout" file="typo-bld.mkiv">
        <cd:arguments>
            <cd:resolve name="keyword-name"/>
        </cd:arguments>
    </cd:command>

    <cd:command name="parbuilder" type="environment" level="system" category="layout" file="typo-bld.mkiv">
        <cd:arguments>
            <cd:keywords>
                <cd:constant type="default"/>
                <cd:constant type="oneline"/>
                <cd:constant type="basic"/>
                <cd:constant type="cd:name"/>
            </cd:keywords>
        </cd:arguments>
    </cd:command>

    <cd:command name="setmainparbuilder" level="system" category="layout" file="typo-bld.mkiv">
        <cd:arguments>
            <cd:keywords>
                <cd:constant type="default"/>
                <cd:constant type="oneline"/>
                <cd:constant type="basic"/>
                <cd:constant type="cd:name"/>
            </cd:keywords>
        </cd:arguments>
    </cd:command>

</cd:interface>
