<?xml version="1.0" encoding="UTF-8"?>

<?context-directive job ctxfile x-setups.ctx ?>

<cd:interface xmlns:cd="http://www.pragma-ade.com/commands">

    <cd:command name="definepageshift" level="style" category="layout" file="page-imp.mkiv">
        <cd:arguments>
            <cd:resolve name="keyword-name"/>
            <cd:keywords>
                <cd:constant type="horizontal"/>
                <cd:constant type="vertical"/>
            </cd:keywords>
            <cd:resolve name="keyword-dimension-list"/>
        </cd:arguments>
    </cd:command>

    <cd:command name="setuppageshift" level="style" category="layout" file="page-imp.mkiv">
        <cd:arguments>
            <cd:keywords optional="yes">
                <cd:constant type="page" default="yes"/>
                <cd:constant type="paper"/>
            </cd:keywords>
            <cd:resolve name="keyword-name"/>
            <cd:resolve name="keyword-name-optional"/>
        </cd:arguments>
    </cd:command>

</cd:interface>
