<?xml version="1.0" encoding="UTF-8"?>

<?context-directive job ctxfile x-setups.ctx ?>

<cd:interface xmlns:cd="http://www.pragma-ade.com/commands">

    <cd:command name="pdfbackendsetcatalog" level="system" category="pdf" file="back-pdf.mkiv">
        <cd:arguments>
            <cd:resolve name="argument-name"/>
            <cd:resolve name="argument-text"/>
        </cd:arguments>
    </cd:command>

    <cd:command name="pdfbackendsetinfo" level="system" category="pdf" file="back-pdf.mkiv">
        <cd:arguments>
            <cd:resolve name="argument-name"/>
            <cd:resolve name="argument-text"/>
        </cd:arguments>
    </cd:command>

    <cd:command name="pdfbackendsetname" level="system" category="pdf" file="back-pdf.mkiv">
        <cd:arguments>
            <cd:resolve name="argument-name"/>
            <cd:resolve name="argument-text"/>
        </cd:arguments>
    </cd:command>

    <cd:command name="pdfbackendsetpageattribute" level="system" category="pdf" file="back-pdf.mkiv">
        <cd:arguments>
            <cd:resolve name="argument-name"/>
            <cd:resolve name="argument-text"/>
        </cd:arguments>
    </cd:command>

    <cd:command name="pdfbackendsetpagesattribute" level="system" category="pdf" file="back-pdf.mkiv">
        <cd:arguments>
            <cd:resolve name="argument-name"/>
            <cd:resolve name="argument-text"/>
        </cd:arguments>
    </cd:command>

    <cd:command name="pdfbackendsetpageresource" level="system" category="pdf" file="back-pdf.mkiv">
        <cd:arguments>
            <cd:resolve name="argument-name"/>
            <cd:resolve name="argument-text"/>
        </cd:arguments>
    </cd:command>

    <cd:command name="pdfbackendsetextgstate" level="system" category="pdf" file="back-pdf.mkiv">
        <cd:arguments>
            <cd:resolve name="argument-name"/>
            <cd:resolve name="argument-text"/>
        </cd:arguments>
    </cd:command>

    <cd:command name="pdfbackendsetcolorspace" level="system" category="pdf" file="back-pdf.mkiv">
        <cd:arguments>
            <cd:resolve name="argument-name"/>
            <cd:resolve name="argument-text"/>
        </cd:arguments>
    </cd:command>

    <cd:command name="pdfbackendsetpattern" level="system" category="pdf" file="back-pdf.mkiv">
        <cd:arguments>
            <cd:resolve name="argument-name"/>
            <cd:resolve name="argument-text"/>
        </cd:arguments>
    </cd:command>

    <cd:command name="pdfbackendsetshade" level="system" category="pdf" file="back-pdf.mkiv">
        <cd:arguments>
            <cd:resolve name="argument-name"/>
            <cd:resolve name="argument-text"/>
        </cd:arguments>
    </cd:command>

    <cd:command name="pdfbackendcurrentresources" level="system" category="pdf" file="back-pdf.mkiv"/>

    <cd:command name="pdfcolor" level="system" category="pdf" file="back-pdf.mkiv">
        <cd:arguments>
            <cd:resolve name="argument-name"/>
        </cd:arguments>
    </cd:command>

    <cd:command name="PDFcolor" level="system" category="pdf" file="back-pdf.mkiv">
        <cd:arguments>
            <cd:resolve name="argument-name"/>
        </cd:arguments>
    </cd:command>

    <cd:command name="TransparencyHack" level="system" category="pdf" file="back-pdf.mkiv"/>

    <cd:command name="lastpredefinedsymbol" level="system" category="pdf" file="pack-obj.mkiv"/>

    <cd:command name="predefinesymbol" level="system" category="pdf" file="pack-obj.mkiv">
        <cd:arguments>
            <cd:resolve name="keyword-name"/>
        </cd:arguments>
    </cd:command>

    <cd:command name="pdfbackendactualtext" level="style" category="pdf" file="back-pdf.mkiv">
        <cd:arguments>
            <cd:content/>
            <cd:resolve name="argument-text"/>
        </cd:arguments>
    </cd:command>

    <cd:command name="pdfactualtext" level="document" category="pdf" file="back-pdf.mkiv">
        <cd:arguments>
            <cd:content/>
            <cd:resolve name="argument-text"/>
        </cd:arguments>
    </cd:command>

    <cd:command name="negative" type="environment" level="document" category="pdf" file="attr-neg.mkiv"/>

    <cd:command name="positive" type="environment" level="document" category="pdf" file="attr-neg.mkiv"/>

    <cd:command name="setuppagetransitions" level="style" category="pdf" file="scrn-pag.mkvi">
        <cd:arguments>
            <cd:keywords>
                <cd:constant type="reset" default="yes"/>
                <cd:constant type="auto"/>
                <cd:constant type="start"/>
                <cd:constant type="random"/>
                <cd:constant type="cd:number"/>
            </cd:keywords>
        </cd:arguments>
    </cd:command>

</cd:interface>
