<?xml version="1.0" encoding="UTF-8"?>

<?context-directive job ctxfile x-setups.ctx ?>

<cd:interface xmlns:cd="http://www.pragma-ade.com/commands">

    <cd:command name="setupperiods" level="style" category="symbols" file="enco-ini.mkiv">
        <cd:arguments>
            <cd:assignments list="yes">
                <cd:parameter name="n">
                    <cd:constant type="cd:number"/>
                </cd:parameter>
                <cd:parameter name="width">
                    <cd:constant type="cd:dimension"/>
                    <cd:constant type="fit"/>
                </cd:parameter>
                <cd:parameter name="distance">
                    <cd:constant type="cd:dimension"/>
                </cd:parameter>
                <cd:parameter name="symbol">
                    <cd:constant type="cd:command"/>
                </cd:parameter>
            </cd:assignments>
        </cd:arguments>
    </cd:command>

    <cd:command name="periods" level="document" category="symbols" file="enco-ini.mkiv">
        <cd:arguments>
            <cd:resolve name="keyword-number-optional"/>
        </cd:arguments>
    </cd:command>

    <cd:command name="periods" variant="assignment" level="document" category="symbols" file="enco-ini.mkiv">
        <cd:arguments>
            <cd:assignments list="yes" optional="yes">
                <cd:inherit name="setupperiods"/>
            </cd:assignments>
        </cd:arguments>
    </cd:command>

    <cd:command name="unknown" level="document" category="symbols" file="enco-ini.mkiv"/>

</cd:interface>
