<?xml version="1.0" encoding="UTF-8"?>

<?context-directive job ctxfile x-setups.ctx ?>

<cd:interface xmlns:cd="http://www.pragma-ade.com/commands">

    <cd:command name="resetpenalties" level="system" category="layout" file="spac-ver.mkiv">
        <cd:arguments>
            <cd:csname/>
        </cd:arguments>
    </cd:command>

    <cd:command name="setpenalties" level="system" category="layout" file="spac-ver.mkiv">
        <cd:arguments>
            <cd:csname/>
            <cd:resolve name="argument-number"/>
            <cd:resolve name="argument-number"/>
        </cd:arguments>
    </cd:command>

    <cd:command name="keeplinestogether" level="system" category="layout" file="spac-ver.mkiv">
        <cd:arguments>
            <cd:resolve name="argument-number"/>
        </cd:arguments>
    </cd:command>

    <cd:command name="setdefaultpenalties" level="system" category="layout" file="spac-ver.mkiv"/>

</cd:interface>
