<?xml version="1.0" encoding="UTF-8"?>

<?context-directive job ctxfile x-setups.ctx ?>

<cd:interface xmlns:cd="http://www.pragma-ade.com/commands">

    <cd:command name="phantom" level="style" category="strings" file="supp-box.mkiv">
        <cd:arguments>
            <cd:content/>
        </cd:arguments>
    </cd:command>

    <cd:command name="hphantom" level="style" category="strings" file="supp-box.mkiv">
        <cd:arguments>
            <cd:content/>
        </cd:arguments>
    </cd:command>

    <cd:command name="vphantom" level="style" category="strings" file="supp-box.mkiv">
        <cd:arguments>
            <cd:content/>
        </cd:arguments>
    </cd:command>

    <cd:command name="phantombox" level="style" category="boxes" keywords="strings" file="pack-box.mkiv">
        <cd:arguments>
            <cd:assignments list="yes">
                <cd:parameter name="width">
                    <cd:constant type="cd:dimension"/>
                </cd:parameter>
                <cd:parameter name="height">
                    <cd:constant type="cd:dimension"/>
                </cd:parameter>
                <cd:parameter name="depth">
                    <cd:constant type="cd:dimension"/>
                </cd:parameter>
            </cd:assignments>
        </cd:arguments>
    </cd:command>

</cd:interface>
