<?xml version="1.0" encoding="UTF-8"?>

<?context-directive job ctxfile x-setups.ctx ?>

<cd:interface xmlns:cd="http://www.pragma-ade.com/commands">

    <cd:command name="defineplacement" level="style" category="layout" file="pack-mis.mkiv">
        <cd:arguments>
            <cd:resolve name="keyword-name"/>
            <cd:resolve name="keyword-name-optional"/>
            <cd:assignments list="yes" optional="yes">
                <cd:inherit name="setupplacement"/>
            </cd:assignments>
        </cd:arguments>
    </cd:command>

    <cd:command name="setupplacement" level="style" category="layout" file="pack-mis.mkiv">
        <cd:arguments>
            <cd:resolve name="keyword-name-list-optional"/>
            <cd:assignments list="yes">
                <cd:parameter name="before">
                    <cd:constant type="cd:command"/>
                </cd:parameter>
                <cd:parameter name="after">
                    <cd:constant type="cd:command"/>
                </cd:parameter>
                <cd:parameter name="left">
                    <cd:constant type="cd:command"/>
                </cd:parameter>
                <cd:parameter name="right">
                    <cd:constant type="cd:command"/>
                </cd:parameter>
                <cd:parameter name="grid">
                    <cd:inherit name="snaptogrid"/>
                </cd:parameter>
                <cd:parameter name="linecorrection">
                    <cd:constant type="on"/>
                    <cd:constant type="off" default="yes"/>
                </cd:parameter>
                <cd:parameter name="depthcorrection">
                    <cd:constant type="on"/>
                    <cd:constant type="off" default="yes"/>
                </cd:parameter>
                <cd:parameter name="margin">
                    <cd:constant type="yes"/>
                    <cd:constant type="no"/>
                    <cd:constant type="standard" default="yes"/>
                </cd:parameter>
            </cd:assignments>
        </cd:arguments>
    </cd:command>

    <cd:command name="placement" level="style" category="layout" file="pack-mis.mkiv">
        <cd:arguments>
            <cd:resolve name="keyword-name"/>
            <cd:assignments list="yes" optional="yes">
                <cd:inherit name="setupplacement"/>
            </cd:assignments>
            <cd:content/>
        </cd:arguments>
    </cd:command>

    <cd:command name="placement" generated="yes" variant="example" level="style" category="layout" file="pack-mis.mkiv">
        <cd:sequence>
            <cd:variable value="placement"/>
        </cd:sequence>
        <cd:arguments>
            <cd:assignments list="yes" optional="yes">
                <cd:inherit name="setupplacement"/>
            </cd:assignments>
            <cd:content/>
        </cd:arguments>
    </cd:command>

</cd:interface>
