<?xml version="1.0" encoding="UTF-8"?>

<?context-directive job ctxfile x-setups.ctx ?>

<cd:interface xmlns:cd="http://www.pragma-ade.com/commands">

    <cd:command name="doifpositionaction" level="system" keywords="conditional" file="anch-pgr.mkiv">
        <cd:arguments>
            <cd:resolve name="argument-name"/>
            <cd:resolve name="argument-true"/>
            <cd:resolve name="argument-false"/>
        </cd:arguments>
    </cd:command>

    <cd:command name="doifelsepositionaction" level="system" keywords="conditional" file="anch-pgr.mkiv">
        <cd:arguments>
            <cd:resolve name="argument-name"/>
            <cd:resolve name="argument-true"/>
            <cd:resolve name="argument-false"/>
        </cd:arguments>
    </cd:command>

    <cd:command name="doifpositionactionelse" level="system" keywords="conditional" file="anch-pgr.mkiv">
        <cd:arguments>
            <cd:resolve name="argument-name"/>
            <cd:resolve name="argument-true"/>
            <cd:resolve name="argument-false"/>
        </cd:arguments>
    </cd:command>

    <cd:command name="dopositionaction" level="system" file="anch-pgr.mkiv">
        <cd:arguments>
            <cd:resolve name="argument-name"/>
        </cd:arguments>
    </cd:command>

    <cd:command name="positionoverlay" level="system" category="background" file="anch-pgr.mkiv">
        <cd:arguments>
            <cd:resolve name="argument-name"/>
        </cd:arguments>
    </cd:command>

    <cd:command name="MPoverlayanchor" level="system" category="background" keywords="metapost" file="anch-pgr.mkiv">
        <cd:arguments>
            <cd:resolve name="argument-name"/>
        </cd:arguments>
    </cd:command>

    <cd:command name="positionregionoverlay" level="system" category="background" file="anch-pgr.mkiv">
        <cd:arguments>
            <cd:resolve name="argument-name"/>
            <cd:resolve name="argument-name"/>
        </cd:arguments>
    </cd:command>

    <cd:command name="positionoverlay" type="environment" level="system" category="background" file="anch-pgr.mkiv">
        <cd:arguments>
            <cd:resolve name="argument-name"/>
        </cd:arguments>
    </cd:command>

    <cd:command name="MPpositiongraphic" type="environment" level="system" category="background" keywords="metapost" file="anch-pgr.mkiv">
        <cd:arguments>
            <cd:resolve name="argument-name"/>
            <cd:resolve name="argument-key-list-optional"/>
        </cd:arguments>
    </cd:command>

    <cd:command name="MPpositiongraphic" level="system" category="background" keywords="metapost" file="anch-pgr.mkiv">
        <cd:arguments>
            <cd:resolve name="argument-name"/>
            <cd:assignments delimiters="braces" list="yes" optional="yes">
                <cd:parameter name="cd:key">
                    <cd:constant type="cd:value"/>
                </cd:parameter>
            </cd:assignments>
        </cd:arguments>
    </cd:command>

    <cd:command name="MPpositionmethod" type="environment" level="system" category="background" keywords="metapost" file="anch-pgr.mkiv">
        <cd:arguments>
            <cd:resolve name="argument-name"/>
        </cd:arguments>
    </cd:command>

    <cd:command name="setMPpositiongraphic" level="system" category="background" keywords="metapost" file="anch-pgr.mkiv">
        <cd:arguments>
            <cd:resolve name="argument-name"/>
            <cd:resolve name="argument-name"/>
            <cd:assignments delimiters="braces" list="yes" optional="yes">
                <cd:parameter name="cd:key">
                    <cd:constant type="cd:value"/>
                </cd:parameter>
            </cd:assignments>
        </cd:arguments>
    </cd:command>

    <cd:command name="setMPpositiongraphicrange" level="system" category="background" keywords="metapost" file="anch-pgr.mkiv">
        <cd:arguments>
            <cd:resolve name="argument-name"/>
            <cd:resolve name="argument-name"/>
            <cd:resolve name="argument-name"/>
            <cd:assignments delimiters="braces" list="yes" optional="yes">
                <cd:parameter name="cd:key">
                    <cd:constant type="cd:value"/>
                </cd:parameter>
            </cd:assignments>
        </cd:arguments>
    </cd:command>

    <cd:command name="MPgetposboxes" level="system" category="background" keywords="metapost" file="anch-pgr.mkiv">
        <cd:arguments>
            <cd:resolve name="argument-name-list"/>
            <cd:resolve name="argument-name"/>
        </cd:arguments>
    </cd:command>

    <cd:command name="MPgetmultipars" level="system" category="background" keywords="metapost" file="anch-pgr.mkiv">
        <cd:arguments>
            <cd:resolve name="argument-name"/>
            <cd:resolve name="argument-name"/>
        </cd:arguments>
    </cd:command>

    <cd:command name="MPgetmultishape" level="system" category="background" keywords="metapost" file="anch-pgr.mkiv">
        <cd:arguments>
            <cd:resolve name="argument-name"/>
            <cd:resolve name="argument-name"/>
        </cd:arguments>
    </cd:command>

    <cd:command name="MPp" level="system" file="anch-pos.mkiv">
        <cd:arguments>
            <cd:resolve name="argument-name"/>
        </cd:arguments>
    </cd:command>

    <cd:command name="MPr" level="system" file="anch-pos.mkiv">
        <cd:arguments>
            <cd:resolve name="argument-name"/>
        </cd:arguments>
    </cd:command>

    <cd:command name="MPc" level="system" file="anch-pos.mkiv">
        <cd:arguments>
            <cd:resolve name="argument-name"/>
        </cd:arguments>
    </cd:command>

    <cd:command name="MPn" level="system" file="anch-pos.mkiv">
        <cd:arguments>
            <cd:resolve name="argument-name"/>
        </cd:arguments>
    </cd:command>

    <cd:command name="MPx" level="system" file="anch-pos.mkiv">
        <cd:arguments>
            <cd:resolve name="argument-name"/>
        </cd:arguments>
    </cd:command>

    <cd:command name="MPy" level="system" file="anch-pos.mkiv">
        <cd:arguments>
            <cd:resolve name="argument-name"/>
        </cd:arguments>
    </cd:command>

    <cd:command name="MPw" level="system" file="anch-pos.mkiv">
        <cd:arguments>
            <cd:resolve name="argument-name"/>
        </cd:arguments>
    </cd:command>

    <cd:command name="MPh" level="system" file="anch-pos.mkiv">
        <cd:arguments>
            <cd:resolve name="argument-name"/>
        </cd:arguments>
    </cd:command>

    <cd:command name="MPd" level="system" file="anch-pos.mkiv">
        <cd:arguments>
            <cd:resolve name="argument-name"/>
        </cd:arguments>
    </cd:command>

    <cd:command name="MPwhd" level="system" file="anch-pos.mkiv">
        <cd:arguments>
            <cd:resolve name="argument-name"/>
        </cd:arguments>
    </cd:command>

    <cd:command name="MPxy" level="system" file="anch-pos.mkiv">
        <cd:arguments>
            <cd:resolve name="argument-name"/>
        </cd:arguments>
    </cd:command>

    <cd:command name="MPll" level="system" file="anch-pos.mkiv">
        <cd:arguments>
            <cd:resolve name="argument-name"/>
        </cd:arguments>
    </cd:command>

    <cd:command name="MPlr" level="system" file="anch-pos.mkiv">
        <cd:arguments>
            <cd:resolve name="argument-name"/>
        </cd:arguments>
    </cd:command>

    <cd:command name="MPur" level="system" file="anch-pos.mkiv">
        <cd:arguments>
            <cd:resolve name="argument-name"/>
        </cd:arguments>
    </cd:command>

    <cd:command name="MPul" level="system" file="anch-pos.mkiv">
        <cd:arguments>
            <cd:resolve name="argument-name"/>
        </cd:arguments>
    </cd:command>

    <cd:command name="MPpos" level="system" file="anch-pos.mkiv">
        <cd:arguments>
            <cd:resolve name="argument-name"/>
        </cd:arguments>
    </cd:command>

    <cd:command name="MPls" level="system" file="anch-pos.mkiv">
        <cd:arguments>
            <cd:resolve name="argument-name"/>
        </cd:arguments>
    </cd:command>

    <cd:command name="MPrs" level="system" file="anch-pos.mkiv">
        <cd:arguments>
            <cd:resolve name="argument-name"/>
        </cd:arguments>
    </cd:command>

    <cd:command name="MPpardata" level="system" file="anch-pos.mkiv">
        <cd:arguments>
            <cd:resolve name="argument-name"/>
        </cd:arguments>
    </cd:command>

    <cd:command name="MPxywhd" level="system" file="anch-pos.mkiv">
        <cd:arguments>
            <cd:resolve name="argument-name"/>
        </cd:arguments>
    </cd:command>

    <cd:command name="MPposset" level="system" file="anch-pos.mkiv">
        <cd:arguments>
            <cd:resolve name="argument-name"/>
        </cd:arguments>
    </cd:command>

    <cd:command name="MPpage" level="system" file="anch-pos.mkiv">
        <cd:arguments>
            <cd:resolve name="argument-name"/>
        </cd:arguments>
    </cd:command>

    <cd:command name="MPregion" level="system" file="anch-pos.mkiv">
        <cd:arguments>
            <cd:resolve name="argument-name"/>
        </cd:arguments>
    </cd:command>

    <cd:command name="MPcolumn" level="system" file="anch-pos.mkiv">
        <cd:arguments>
            <cd:resolve name="argument-name"/>
        </cd:arguments>
    </cd:command>

    <cd:command name="MPanchor" level="system" file="anch-pos.mkiv">
        <cd:arguments>
            <cd:resolve name="argument-name"/>
        </cd:arguments>
    </cd:command>

    <cd:command name="MPleftskip" level="system" file="anch-pos.mkiv">
        <cd:arguments>
            <cd:resolve name="argument-name"/>
        </cd:arguments>
    </cd:command>

    <cd:command name="MPrightskip" level="system" file="anch-pos.mkiv">
        <cd:arguments>
            <cd:resolve name="argument-name"/>
        </cd:arguments>
    </cd:command>

    <cd:command name="MPplus" level="system" file="anch-pos.mkiv">
        <cd:arguments>
            <cd:resolve name="argument-name"/>
            <cd:resolve name="argument-number"/>
            <cd:content/>
        </cd:arguments>
    </cd:command>

    <cd:command name="MPv" level="system" file="anch-pos.mkiv">
        <cd:arguments>
            <cd:resolve name="argument-name"/>
            <cd:resolve name="argument-number"/>
            <cd:content/>
        </cd:arguments>
    </cd:command>

    <cd:command name="MPrest" level="system" file="anch-pos.mkiv">
        <cd:arguments>
            <cd:resolve name="argument-name"/>
            <cd:content/>
        </cd:arguments>
    </cd:command>

    <cd:command name="MPvv" level="system" file="anch-pos.mkiv">
        <cd:arguments>
            <cd:resolve name="argument-name"/>
            <cd:content/>
        </cd:arguments>
    </cd:command>

    <cd:command name="setpositiononly" level="system" file="anch-pos.mkiv">
        <cd:arguments>
            <cd:resolve name="argument-name"/>
        </cd:arguments>
    </cd:command>

    <cd:command name="setposition" level="system" file="anch-pos.mkiv">
        <cd:arguments>
            <cd:resolve name="argument-name"/>
        </cd:arguments>
    </cd:command>

    <cd:command name="setpositiondata" level="system" file="anch-pos.mkiv">
        <cd:arguments>
            <cd:resolve name="argument-name"/>
            <cd:resolve name="argument-dimension"/>
            <cd:resolve name="argument-dimension"/>
            <cd:resolve name="argument-dimension"/>
        </cd:arguments>
    </cd:command>

    <cd:command name="setpositionbox" level="system" file="anch-pos.mkiv">
        <cd:arguments>
            <cd:resolve name="argument-name"/>
            <cd:csname/>
            <cd:content/>
        </cd:arguments>
    </cd:command>

    <cd:command name="setpositionstrut" level="system" file="anch-pos.mkiv">
        <cd:arguments>
            <cd:resolve name="argument-name"/>
        </cd:arguments>
    </cd:command>

    <cd:command name="setpositiondataplus" level="system" file="anch-pos.mkiv">
        <cd:arguments>
            <cd:resolve name="argument-name"/>
            <cd:resolve name="argument-dimension"/>
            <cd:resolve name="argument-dimension"/>
            <cd:resolve name="argument-dimension"/>
            <cd:keywords delimiters="braces" list="yes">
                <cd:constant type="cd:text"/>
            </cd:keywords>
        </cd:arguments>
    </cd:command>

    <cd:command name="setpositionplus" level="system" file="anch-pos.mkiv">
        <cd:arguments>
            <cd:resolve name="argument-name"/>
            <cd:keywords delimiters="braces" list="yes">
                <cd:constant type="cd:text"/>
            </cd:keywords>
            <cd:csname/>
            <cd:content/>
        </cd:arguments>
    </cd:command>

    <cd:command name="copyposition" level="system" file="anch-pos.mkiv">
        <cd:arguments>
            <cd:resolve name="argument-name"/>
            <cd:resolve name="argument-name"/>
        </cd:arguments>
    </cd:command>

    <cd:command name="doifposition" level="system" keywords="conditional" file="anch-pos.mkiv">
        <cd:arguments>
            <cd:resolve name="argument-name"/>
            <cd:resolve name="argument-true"/>
            <cd:resolve name="argument-false"/>
        </cd:arguments>
    </cd:command>

    <cd:command name="doifelseposition" level="system" keywords="conditional" file="anch-pos.mkiv">
        <cd:arguments>
            <cd:resolve name="argument-name"/>
            <cd:resolve name="argument-true"/>
            <cd:resolve name="argument-false"/>
        </cd:arguments>
    </cd:command>

    <cd:command name="doifpositionelse" level="system" keywords="conditional" file="anch-pos.mkiv">
        <cd:arguments>
            <cd:resolve name="argument-name"/>
            <cd:resolve name="argument-true"/>
            <cd:resolve name="argument-false"/>
        </cd:arguments>
    </cd:command>

    <cd:command name="doifelsepositiononpage" level="system" keywords="conditional" file="anch-pos.mkiv">
        <cd:arguments>
            <cd:resolve name="argument-name"/>
            <cd:resolve name="argument-number"/>
            <cd:resolve name="argument-true"/>
            <cd:resolve name="argument-false"/>
        </cd:arguments>
    </cd:command>

    <cd:command name="doifpositiononpageelse" level="system" keywords="conditional" file="anch-pos.mkiv">
        <cd:arguments>
            <cd:resolve name="argument-name"/>
            <cd:resolve name="argument-number"/>
            <cd:resolve name="argument-true"/>
            <cd:resolve name="argument-false"/>
        </cd:arguments>
    </cd:command>

    <cd:command name="xypos" level="system" file="anch-pos.mkiv">
        <cd:arguments>
            <cd:resolve name="argument-name"/>
        </cd:arguments>
    </cd:command>

    <cd:command name="hpos" level="system" file="anch-pos.mkiv">
        <cd:arguments>
            <cd:resolve name="argument-name"/>
            <cd:content/>
        </cd:arguments>
    </cd:command>

    <cd:command name="vpos" level="system" file="anch-pos.mkiv">
        <cd:arguments>
            <cd:resolve name="argument-name"/>
            <cd:content/>
        </cd:arguments>
    </cd:command>

    <cd:command name="bpos" level="system" file="anch-pos.mkiv">
        <cd:arguments>
            <cd:resolve name="argument-name"/>
        </cd:arguments>
    </cd:command>

    <cd:command name="epos" level="system" file="anch-pos.mkiv">
        <cd:arguments>
            <cd:resolve name="argument-name"/>
        </cd:arguments>
    </cd:command>


    <cd:command name="tracepositions" level="system" file="anch-pos.mkiv"/>

    <cd:command name="enableparpositions" level="system" file="anch-pos.mkiv"/>

    <cd:command name="disableparpositions" level="system" file="anch-pos.mkiv"/>

    <cd:command name="doifelseoverlapping" level="system" keywords="conditional" file="anch-pos.mkiv">
        <cd:arguments>
            <cd:resolve name="argument-name"/>
            <cd:resolve name="argument-name"/>
            <cd:resolve name="argument-true"/>
            <cd:resolve name="argument-false"/>
        </cd:arguments>
    </cd:command>

    <cd:command name="doifoverlappingelse" level="system" keywords="conditional" file="anch-pos.mkiv">
        <cd:arguments>
            <cd:resolve name="argument-name"/>
            <cd:resolve name="argument-name"/>
            <cd:resolve name="argument-true"/>
            <cd:resolve name="argument-false"/>
        </cd:arguments>
    </cd:command>

    <cd:command name="doifelsepositionsonsamepage" level="system" keywords="conditional" file="anch-pos.mkiv">
        <cd:arguments>
            <cd:resolve name="argument-name-list"/>
            <cd:resolve name="argument-true"/>
            <cd:resolve name="argument-false"/>
        </cd:arguments>
    </cd:command>

    <cd:command name="doifpositionsonsamepageelse" level="system" keywords="conditional" file="anch-pos.mkiv">
        <cd:arguments>
            <cd:resolve name="argument-name-list"/>
            <cd:resolve name="argument-true"/>
            <cd:resolve name="argument-false"/>
        </cd:arguments>
    </cd:command>

    <cd:command name="doifelsepositionsonthispage" level="system" keywords="conditional" file="anch-pos.mkiv">
        <cd:arguments>
            <cd:resolve name="argument-name-list"/>
            <cd:resolve name="argument-true"/>
            <cd:resolve name="argument-false"/>
        </cd:arguments>
    </cd:command>

    <cd:command name="doifpositionsonthispageelse" level="system" keywords="conditional" file="anch-pos.mkiv">
        <cd:arguments>
            <cd:resolve name="argument-name-list"/>
            <cd:resolve name="argument-true"/>
            <cd:resolve name="argument-false"/>
        </cd:arguments>
    </cd:command>

    <cd:command name="doifelsepositionsused" level="system" keywords="conditional" file="anch-pos.mkiv">
        <cd:arguments>
            <cd:resolve name="argument-true"/>
            <cd:resolve name="argument-false"/>
        </cd:arguments>
    </cd:command>

    <cd:command name="doifpositionsusedelse" level="system" keywords="conditional" file="anch-pos.mkiv">
        <cd:arguments>
            <cd:resolve name="argument-true"/>
            <cd:resolve name="argument-false"/>
        </cd:arguments>
    </cd:command>

</cd:interface>
