<?xml version="1.0" encoding="UTF-8"?>

<?context-directive job ctxfile x-setups.ctx ?>

<cd:interface xmlns:cd="http://www.pragma-ade.com/commands">

    <cd:command name="defineprocessor" level="style" category="fonts" keywords="colors" file="typo-prc.mkvi">
        <cd:arguments>
            <cd:resolve name="keyword-name"/>
            <cd:resolve name="keyword-name-optional"/>
            <cd:assignments list="yes" optional="yes">
                <cd:inherit name="setupprocessor"/>
            </cd:assignments>
        </cd:arguments>
    </cd:command>

    <cd:command name="setupprocessor" level="style" category="fonts" keywords="colors" file="typo-prc.mkvi">
        <cd:arguments>
            <cd:resolve name="keyword-name-list-optional"/>
            <cd:assignments list="yes">
                <cd:parameter name="state">
                    <cd:constant type="start" default="yes"/>
                    <cd:constant type="stop"/>
                </cd:parameter>
                <cd:parameter name="left">
                    <cd:constant type="cd:command"/>
                </cd:parameter>
                <cd:parameter name="right">
                    <cd:constant type="cd:command"/>
                </cd:parameter>
                <cd:parameter name="command">
                    <cd:constant type="cd:oneargument"/>
                </cd:parameter>
                <cd:parameter name="style">
                    <cd:resolve name="value-style"/>
                </cd:parameter>
                <cd:parameter name="color">
                    <cd:constant type="cd:color"/>
                </cd:parameter>
            </cd:assignments>
        </cd:arguments>
    </cd:command>

    <cd:command name="applyprocessor" level="system" category="fonts" keywords="colors" file="typo-prc.mkvi">
        <cd:arguments>
            <cd:resolve name="argument-name"/>
            <cd:content/>
        </cd:arguments>
    </cd:command>

</cd:interface>
