<?xml version="1.0" encoding="UTF-8"?>

<?context-directive job ctxfile x-setups.ctx ?>

<cd:interface xmlns:cd="http://www.pragma-ade.com/commands">

    <cd:command name="replaceword" level="style" category="language" file="lang-rep.mkiv">
        <cd:arguments>
            <cd:resolve name="keyword-name"/>
            <cd:resolve name="keyword-text-optional"/>
            <cd:resolve name="keyword-text"/>
        </cd:arguments>
    </cd:command>

    <cd:command name="setreplacements" level="style" category="language" file="lang-rep.mkiv">
        <cd:arguments>
            <cd:keywords>
                <cd:constant type="reset"/>
                <cd:constant type="cd:name"/>
            </cd:keywords>
            <!-- command is overloaded in typo-ovl.mkiv with second argument -->
            <cd:resolve name="keyword-name-optional"/>
        </cd:arguments>
    </cd:command>

    <cd:command name="resetreplacements" level="style" category="language" file="lang-rep.mkiv"/>

</cd:interface>
