<?xml version="1.0" encoding="UTF-8"?>

<?context-directive job ctxfile x-setups.ctx ?>

<cd:interface xmlns:cd="http://www.pragma-ade.com/commands">

    <cd:command name="showrivers" type="environment" level="document" file="trac-riv.mkxl">
        <cd:arguments>
            <cd:assignments list="yes" optional="yes">
                <cd:parameter name="margin">
                    <cd:constant type="cd:dimension"/>
                </cd:parameter>
                <cd:parameter name="step">
                    <cd:constant type="cd:dimension"/>
                </cd:parameter>
                <cd:parameter name="height">
                    <cd:constant type="cd:dimension"/>
                </cd:parameter>
                <cd:parameter name="depth">
                    <cd:constant type="cd:dimension"/>
                </cd:parameter>
                <cd:parameter name="spaceinbetween">
                    <cd:constant type="cd:dimension"/>
                </cd:parameter>
                <cd:parameter name="criterium">
                    <cd:constant type="cd:number"/>
                </cd:parameter>
                <cd:parameter name="option">
                    <cd:constant type="test"/>
                </cd:parameter>
            </cd:assignments>
        </cd:arguments>
    </cd:command>

    <cd:command name="addriverstobox" level="style" file="trac-riv.mkxl">
        <cd:arguments>
            <cd:assignments list="yes" optional="yes">
                <cd:parameter name="margin">
                    <cd:constant type="cd:dimension"/>
                </cd:parameter>
                <cd:parameter name="step">
                    <cd:constant type="cd:dimension"/>
                </cd:parameter>
                <cd:parameter name="height">
                    <cd:constant type="cd:dimension"/>
                </cd:parameter>
                <cd:parameter name="depth">
                    <cd:constant type="cd:dimension"/>
                </cd:parameter>
                <cd:parameter name="spaceinbetween">
                    <cd:constant type="cd:dimension"/>
                </cd:parameter>
            </cd:assignments>
            <cd:resolve name="string-box"/>
        </cd:arguments>
    </cd:command>

    <cd:command name="showrivers" level="style" file="trac-riv.mkxl">
        <cd:arguments>
            <cd:assignments list="yes" optional="yes">
                <cd:inherit name="addriverstobox"/>
            </cd:assignments>
        </cd:arguments>
    </cd:command>

</cd:interface>
