<?xml version="1.0" encoding="UTF-8"?>

<?context-directive job ctxfile x-setups.ctx ?>

<cd:interface xmlns:cd="http://www.pragma-ade.com/commands">

    <cd:command name="defineruby" level="style" category="language" keywords="fonts" file="typo-rub.mkiv">
        <cd:arguments>
            <cd:resolve name="keyword-name"/>
            <cd:resolve name="keyword-name-optional"/>
            <cd:assignments list="yes" optional="yes">
                <cd:inherit name="setupruby"/>
            </cd:assignments>
        </cd:arguments>
    </cd:command>

    <cd:command name="setupruby" level="style" category="language" keywords="fonts" file="typo-rub.mkiv">
        <cd:arguments>
            <cd:resolve name="keyword-name-list-optional"/>
            <cd:assignments list="yes">
                <cd:parameter name="location">
                    <cd:constant type="top" default="yes"/>
                    <cd:constant type="left"/>
                    <cd:constant type="right"/>
                    <cd:constant type="none"/>
                </cd:parameter>
                <cd:parameter name="align">
                    <cd:constant type="auto"/>
                    <cd:constant type="flushleft"/>
                    <cd:constant type="middle" default="yes"/>
                    <cd:constant type="flushright"/>
                </cd:parameter>
                <cd:parameter name="stretch">
                    <cd:constant type="yes"/>
                    <cd:constant type="no" default="yes"/>
                </cd:parameter>
                <cd:parameter name="hoffset">
                    <cd:constant type="cd:dimension"/>
                </cd:parameter>
                <cd:parameter name="voffset">
                    <cd:constant type="cd:dimension"/>
                </cd:parameter>
                <cd:parameter name="distance">
                    <cd:constant type="none"/>
                    <cd:constant type="cd:dimension"/>
                </cd:parameter>
                <cd:parameter name="left">
                    <cd:constant type="cd:command"/>
                </cd:parameter>
                <cd:parameter name="right">
                    <cd:constant type="cd:command"/>
                </cd:parameter>
                <cd:parameter name="style">
                    <cd:resolve name="value-style"/>
                </cd:parameter>
                <cd:parameter name="color">
                    <cd:constant type="cd:color"/>
                </cd:parameter>
            </cd:assignments>
        </cd:arguments>
    </cd:command>

    <cd:command name="ruby" level="document" category="language" keywords="fonts" file="typo-rub.mkiv">
        <cd:arguments>
            <cd:resolve name="keyword-name-optional"/>
            <cd:resolve name="argument-text"/>
            <cd:resolve name="argument-text"/>
        </cd:arguments>
    </cd:command>

    <cd:command name="ruby" type="environment" level="document" category="language" keywords="fonts" file="typo-rub.mkiv">
        <cd:arguments>
            <cd:resolve name="keyword-name"/>
        </cd:arguments>
    </cd:command>

</cd:interface>
