<?xml version="1.0" encoding="UTF-8"?>

<?context-directive job ctxfile x-setups.ctx ?>

<cd:interface xmlns:cd="http://www.pragma-ade.com/commands">

    <cd:command name="setupexternalsoundtracks" level="style" category="pdf" file="scrn-wid.mkvi">
        <cd:arguments>
            <cd:assignments list="yes">
                <cd:parameter name="option">
                    <cd:constant type="repeat"/>
                </cd:parameter>
            </cd:assignments>
        </cd:arguments>
    </cd:command>

    <cd:command name="useexternalsoundtrack" level="style" category="pdf" file="scrn-wid.mkvi">
        <cd:arguments>
            <cd:resolve name="keyword-name"/>
            <cd:resolve name="keyword-file"/>
        </cd:arguments>
    </cd:command>

    <cd:command name="checksoundtrack" level="style" category="pdf" file="scrn-wid.mkvi">
        <cd:arguments>
            <cd:resolve name="argument-name"/>
        </cd:arguments>
    </cd:command>

</cd:interface>
