<?xml version="1.0" encoding="UTF-8"?>

<?context-directive job ctxfile x-setups.ctx ?>

<cd:interface xmlns:cd="http://www.pragma-ade.com/commands">

    <cd:command name="definesorting" level="style" category="language" file="strc-syn.mkxl">
        <cd:arguments>
            <cd:resolve name="keyword-singular"/>
            <cd:resolve name="keyword-plural"/>
            <cd:keywords optional="yes">
                <cd:constant type="none"/>
                <cd:constant type="cd:csname"/>
            </cd:keywords>
        </cd:arguments>
    </cd:command>

    <cd:command name="setupsorting" level="style" category="language" file="strc-syn.mkxl">
        <cd:arguments>
            <cd:resolve name="keyword-singular-list-optional"/>
            <cd:assignments list="yes">
                <cd:parameter name="expansion">
                    <cd:constant type="yes"/>
                    <cd:constant type="no" default="yes"/>
                    <cd:constant type="xml"/>
                </cd:parameter>
                <cd:parameter name="alternative">
                    <cd:constant type="first"/>
                    <cd:constant type="last"/>
                    <cd:constant type="normal"/>
                    <cd:constant type="cd:name"/>
                </cd:parameter>
                <cd:parameter name="next">
                    <cd:constant type="cd:command"/>
                </cd:parameter>
                <cd:parameter name="command">
                    <cd:constant type="cd:threearguments"/>
                </cd:parameter>
                <cd:parameter name="textcommand">
                    <cd:constant type="cd:oneargument"/>
                </cd:parameter>
                <cd:parameter name="synonymcommand">
                    <cd:constant type="cd:oneargument"/>
                </cd:parameter>
                <cd:parameter name="language">
                    <cd:resolve name="value-sortorder"/>
                </cd:parameter>
                <cd:parameter name="method">
                    <cd:resolve name="value-sortmethod"/>
                </cd:parameter>
                <cd:parameter name="criterium">
                    <cd:constant type="current"/>
                    <cd:constant type="previous"/>
                    <cd:constant type="local"/>
                    <cd:constant type="text"/>
                    <cd:constant type="all" default="yes"/>
                    <cd:constant type="cd:section"/>
                </cd:parameter>
                <cd:parameter name="style">
                    <cd:resolve name="value-style"/>
                </cd:parameter>
                <cd:parameter name="color">
                    <cd:constant type="cd:color"/>
                </cd:parameter>
                <cd:parameter name="textstyle">
                    <cd:resolve name="value-style"/>
                </cd:parameter>
                <cd:parameter name="textcolor">
                    <cd:constant type="cd:color"/>
                </cd:parameter>
                <cd:parameter name="synonymstyle">
                    <cd:resolve name="value-style"/>
                </cd:parameter>
                <cd:parameter name="synonymcolor">
                    <cd:constant type="cd:color"/>
                </cd:parameter>
                <cd:parameter name="before">
                    <cd:constant type="cd:command"/>
                </cd:parameter>
                <cd:parameter name="after">
                    <cd:constant type="cd:command"/>
                </cd:parameter>
            </cd:assignments>
        </cd:arguments>
    </cd:command>

    <cd:command name="sorting" generated="yes" variant="instance" level="document" category="language" file="strc-syn.mkxl">
        <cd:sequence>
            <cd:instance value="sorting"/>
        </cd:sequence>
        <cd:arguments>
            <cd:resolve name="keyword-name-optional"/>
            <cd:content/>
        </cd:arguments>
        <cd:instances>
            <cd:resolve name="instance-sort"/>
        </cd:instances>
    </cd:command>

    <cd:command name="definesort" level="system" category="language" file="strc-syn.mkxl">
        <cd:arguments>
            <cd:keywords>
                <cd:constant type="yes"/>
                <cd:constant type="no" default="yes"/>
            </cd:keywords>
            <cd:resolve name="keyword-singular"/>
            <cd:resolve name="keyword-name-optional"/>
            <cd:content/>
        </cd:arguments>
    </cd:command>

    <cd:command name="placelistofsorts" generated="yes" variant="instance" level="document" category="language" file="strc-syn.mkxl">
        <cd:sequence>
            <cd:string value="placelistof"/>
            <cd:instance value="sorts"/>
        </cd:sequence>
        <cd:arguments>
            <cd:assignments list="yes" optional="yes">
                <cd:inherit name="setupsorting"/>
            </cd:assignments>
        </cd:arguments>
        <cd:instances>
            <cd:resolve name="instance-sortlist"/>
        </cd:instances>
    </cd:command>

    <cd:command name="completelistofsorts" generated="yes" variant="instance" level="document" category="language" file="strc-syn.mkxl">
        <cd:sequence>
            <cd:string value="completelistof"/>
            <cd:instance value="sorts"/>
        </cd:sequence>
        <cd:arguments>
            <cd:assignments list="yes" optional="yes">
                <cd:inherit name="setupsorting"/>
            </cd:assignments>
        </cd:arguments>
        <cd:instances>
            <cd:resolve name="instance-sortlist"/>
        </cd:instances>
    </cd:command>

    <cd:command name="doifelsecurrentsortingused" level="system" category="language" keywords="conditional" file="strc-syn.mkxl">
        <cd:arguments>
            <cd:resolve name="argument-true"/>
            <cd:resolve name="argument-false"/>
        </cd:arguments>
    </cd:command>

    <cd:command name="resetusedsortings" level="system" category="language" file="strc-syn.mkxl">
        <cd:arguments>
            <cd:resolve name="keyword-singular"/>
        </cd:arguments>
    </cd:command>

    <cd:command name="registersort" level="system" category="language" file="strc-syn.mkxl">
        <cd:arguments>
            <cd:resolve name="keyword-singular"/>
            <cd:resolve name="keyword-name"/>
        </cd:arguments>
    </cd:command>

    <cd:command name="registersortpage" level="system" category="language" file="strc-syn.mkxl">
        <cd:arguments>
            <cd:resolve name="keyword-singular"/>
            <cd:resolve name="keyword-name"/>
        </cd:arguments>
    </cd:command>

    <cd:command name="placelistofsorts" level="document" category="language" file="strc-syn.mkxl">
        <cd:arguments>
            <cd:resolve name="keyword-singular"/>
            <cd:assignments list="yes" optional="yes">
                <cd:inherit name="setupsorting"/>
            </cd:assignments>
        </cd:arguments>
    </cd:command>

    <cd:command name="completelistofsorts" level="document" category="language" file="strc-syn.mkxl">
        <cd:arguments>
            <cd:resolve name="keyword-singular"/>
            <cd:assignments list="yes" optional="yes">
                <cd:inherit name="setupsorting"/>
            </cd:assignments>
        </cd:arguments>
    </cd:command>

</cd:interface>
