<?xml version="1.0" encoding="UTF-8"?>

<?context-directive job ctxfile x-setups.ctx ?>

<cd:interface xmlns:cd="http://www.pragma-ade.com/commands">

    <cd:command name="wdofstring" level="system" category="strings" file="blob-ini.mkiv">
        <cd:arguments>
            <cd:resolve name="argument-text"/>
        </cd:arguments>
    </cd:command>

    <cd:command name="htofstring" level="system" category="strings" file="blob-ini.mkiv">
        <cd:arguments>
            <cd:resolve name="argument-text"/>
        </cd:arguments>
    </cd:command>

    <cd:command name="dpofstring" level="system" category="strings" file="blob-ini.mkiv">
        <cd:arguments>
            <cd:resolve name="argument-text"/>
        </cd:arguments>
    </cd:command>

    <cd:command name="hdofstring" level="system" category="strings" file="blob-ini.mkiv">
        <cd:arguments>
            <cd:resolve name="argument-text"/>
        </cd:arguments>
    </cd:command>

    <cd:command name="htdpofstring" level="system" category="strings" file="blob-ini.mkiv">
        <cd:arguments>
            <cd:resolve name="argument-text"/>
        </cd:arguments>
    </cd:command>

    <cd:command name="widthofstring" level="system" category="strings" file="blob-ini.mkiv">
        <cd:arguments>
            <cd:resolve name="argument-text"/>
        </cd:arguments>
    </cd:command>

    <cd:command name="heightofstring" level="system" category="strings" file="blob-ini.mkiv">
        <cd:arguments>
            <cd:resolve name="argument-text"/>
        </cd:arguments>
    </cd:command>

    <cd:command name="depthofstring" level="system" category="strings" file="blob-ini.mkiv">
        <cd:arguments>
            <cd:resolve name="argument-text"/>
        </cd:arguments>
    </cd:command>

    <cd:command name="heightanddepthofstring" level="system" category="strings" file="blob-ini.mkiv">
        <cd:arguments>
            <cd:resolve name="argument-text"/>
        </cd:arguments>
    </cd:command>

    <cd:command name="setwidthof" level="system" category="strings" file="blob-ini.mkiv">
        <cd:arguments>
            <cd:text/>
            <cd:delimiter name="to"/>
            <cd:csname/>
        </cd:arguments>
    </cd:command>

</cd:interface>
