<?xml version="1.0" encoding="UTF-8"?>

<?context-directive job ctxfile x-setups.ctx ?>

<cd:interface xmlns:cd="http://www.pragma-ade.com/commands">

    <cd:command name="definestartstop" level="style" category="structure" file="core-sys.mkxl">
        <cd:arguments>
            <cd:resolve name="keyword-name"/>
            <cd:resolve name="keyword-name-optional"/>
            <cd:assignments list="yes" optional="yes">
                <cd:inherit name="setupstartstop"/>
            </cd:assignments>
        </cd:arguments>
    </cd:command>

    <cd:command name="setupstartstop" level="style" category="structure" file="core-sys.mkxl">
        <cd:arguments>
            <cd:resolve name="keyword-name-list-optional"/>
            <cd:assignments list="yes">
                <cd:parameter name="before">
                    <cd:constant type="cd:command"/>
                </cd:parameter>
                <cd:parameter name="after">
                    <cd:constant type="cd:command"/>
                </cd:parameter>
                <cd:parameter name="inbetween">
                    <cd:constant type="cd:command"/>
                </cd:parameter>
                <!--
                    <cd:parameter name="commands">
                        <cd:constant type="cd:command"/>
                    </cd:parameter>
                -->
                <cd:parameter name="setups">
                    <cd:constant type="cd:name"/>
                </cd:parameter>
                <cd:parameter name="left">
                    <cd:constant type="cd:command"/>
                </cd:parameter>
                <cd:parameter name="right">
                    <cd:constant type="cd:command"/>
                </cd:parameter>
                <cd:parameter name="style">
                    <cd:resolve name="value-style"/>
                </cd:parameter>
                <cd:parameter name="color">
                    <cd:constant type="cd:color"/>
                </cd:parameter>
                <cd:parameter name="arguments">
                    <cd:constant type="yes"/>
                    <cd:constant type="no" default="yes"/>
                </cd:parameter>
            </cd:assignments>
        </cd:arguments>
    </cd:command>

    <cd:command name="startstop" type="environment" generated="yes" variant="example" level="document" category="structure" file="core-sys.mkxl">
        <cd:sequence>
            <cd:variable value="startstop"/>
        </cd:sequence>
    </cd:command>

    <cd:command name="startstop" type="environment" generated="yes" variant="example:argument" level="document" category="structure" file="core-sys.mkxl">
        <cd:sequence>
            <cd:variable value="startstop"/>
        </cd:sequence>
        <cd:arguments>
            <cd:assignments list="yes" optional="yes">
                <cd:inherit name="setupstartstop"/>
            </cd:assignments>
        </cd:arguments>
    </cd:command>

    <cd:command name="startstop" generated="yes" variant="example" level="document" category="structure" file="core-sys.mkxl">
        <cd:sequence>
            <cd:variable value="startstop"/>
        </cd:sequence>
        <cd:arguments>
            <cd:content/>
        </cd:arguments>
    </cd:command>

    <cd:command name="startstop" generated="yes" variant="example:argument" level="document" category="structure" file="core-sys.mkxl">
        <cd:sequence>
            <cd:variable value="startstop"/>
        </cd:sequence>
        <cd:arguments>
            <cd:assignments list="yes" optional="yes">
                <cd:inherit name="setupstartstop"/>
            </cd:assignments>
            <cd:content/>
        </cd:arguments>
    </cd:command>

    <!--

        Variant 1: <cd:string value="zero width space"/>

        <cd:command name="startstop" type="environment" level="document" category="structure" file="core-sys.mkxl">
            <cd:sequence>
                <cd:string value="​"/>
            </cd:sequence>
            <cd:arguments>
                <cd:resolve name="keyword-name-optional"/>
            </cd:arguments>
        </cd:command>

        Variant 2: <cd:delimiter name="stop"/>

        <cd:command name="start" level="document" category="structure" file="core-sys.mkxl">
            <cd:arguments>
                <cd:resolve name="keyword-name-optional"/>
                <cd:resolve name="string-content"/>
                <cd:delimiter name="stop"/>
            </cd:arguments>
        </cd:command>

    -->

    <cd:command name="" type="environment" level="document" category="structure" file="core-sys.mkxl">
        <cd:arguments>
            <cd:resolve name="keyword-name-optional"/>
        </cd:arguments>
    </cd:command>

</cd:interface>
